date,side,entity,category,eth,items,share_pct
2026-07-17,entry,(unmapped),,1415894,21335,54.5
2026-07-17,entry,Lido,Liquid Staking,720576,22518,27.7
2026-07-17,entry,Kraken,CEX,384167,1028,14.8
2026-07-17,entry,Bitbank,CEX,78395,77,3
2026-07-17,entry,deepspacechase.eth,Solo Staker,32,1,0
2026-07-18,entry,(unmapped),,1211455,18653,47.4
2026-07-18,entry,Lido,Liquid Staking,715808,22369,28
2026-07-18,entry,Kraken,CEX,382876,1004,15
2026-07-18,entry,OKX,CEX,89290,94,3.5
2026-07-18,entry,Bitbank,CEX,78395,77,3.1
2026-07-18,entry,Upbit,CEX,59648,1864,2.3
2026-07-18,entry,Revolut,CEX,16480,515,0.6
2026-07-18,entry,deepspacechase.eth,Solo Staker,32,1,0
2026-07-18,exit,(unmapped),,294,7,100
2026-07-19,entry,(unmapped),,1213914,18735,48.1
2026-07-19,entry,Lido,Liquid Staking,680800,21275,27
2026-07-19,entry,Kraken,CEX,382363,1003,15.2
2026-07-19,entry,OKX,CEX,89504,95,3.6
2026-07-19,entry,Bitbank,CEX,78395,77,3.1
2026-07-19,entry,Upbit,CEX,59744,1867,2.4
2026-07-19,entry,Revolut,CEX,16416,513,0.7
2026-07-19,entry,deepspacechase.eth,Solo Staker,32,1,0
2026-07-19,exit,(unmapped),,1184,37,100
2026-07-20,entry,(unmapped),,1214025,18743,49.2
2026-07-20,entry,Lido,Liquid Staking,632288,19759,25.6
2026-07-20,entry,Kraken,CEX,378974,996,15.3
2026-07-20,entry,OKX,CEX,89997,96,3.6
2026-07-20,entry,Bitbank,CEX,78395,77,3.2
2026-07-20,entry,Upbit,CEX,59840,1870,2.4
2026-07-20,entry,Revolut,CEX,16448,514,0.7
2026-07-20,entry,deepspacechase.eth,Solo Staker,32,1,0
2026-07-20,exit,(unmapped),,2304,72,100
2026-07-21,entry,(unmapped),,1228797,18197,49.4
2026-07-21,entry,Lido,Liquid Staking,642560,20080,25.8
2026-07-21,entry,Kraken,CEX,376583,991,15.1
2026-07-21,entry,OKX,CEX,85125,91,3.4
2026-07-21,entry,Bitbank,CEX,78395,77,3.2
2026-07-21,entry,Upbit,CEX,59680,1865,2.4
2026-07-21,entry,Revolut,CEX,16128,504,0.6
2026-07-21,entry,deepspacechase.eth,Solo Staker,32,1,0
2026-07-22,entry,(unmapped),,1203291,17799,48.4
2026-07-22,entry,Lido,Liquid Staking,670528,20954,27
2026-07-22,entry,Kraken,CEX,374789,988,15.1
2026-07-22,entry,OKX,CEX,85370,91,3.4
2026-07-22,entry,Bitbank,CEX,78395,77,3.2
2026-07-22,entry,Upbit,CEX,58144,1817,2.3
2026-07-22,entry,Revolut,CEX,15840,495,0.6
2026-07-22,entry,deepspacechase.eth,Solo Staker,32,1,0
2026-07-22,entry,Kiln,Staking Pool,10,1,0
2026-07-22,exit,(unmapped),,64,2,100
2026-07-23,entry,(unmapped),,1189688,17446,46.9
2026-07-23,entry,Lido,Liquid Staking,741152,23161,29.2
2026-07-23,entry,Kraken,CEX,369206,983,14.6
2026-07-23,entry,OKX,CEX,83311,88,3.3
2026-07-23,entry,Bitbank,CEX,78395,77,3.1
2026-07-23,entry,Upbit,CEX,56512,1766,2.2
2026-07-23,entry,Revolut,CEX,15712,491,0.6
2026-07-23,entry,Kiln,Staking Pool,1310,6,0.1
2026-07-23,entry,deepspacechase.eth,Solo Staker,32,1,0
2026-07-23,exit,(unmapped),,288,9,100
2026-07-24,entry,(unmapped),,1166329,16820,46.6
2026-07-24,entry,Lido,Liquid Staking,755072,23596,30.2
2026-07-24,entry,Kraken,CEX,346347,965,13.8
2026-07-24,entry,OKX,CEX,83081,87,3.3
2026-07-24,entry,Bitbank,CEX,78395,77,3.1
2026-07-24,entry,Upbit,CEX,55168,1724,2.2
2026-07-24,entry,Revolut,CEX,15552,486,0.6
2026-07-24,entry,Abyss Finance,Batch Staking Contract,2752,86,0.1
2026-07-24,entry,Kiln,Staking Pool,1310,6,0.1
2026-07-24,entry,deepspacechase.eth,Solo Staker,32,1,0
2026-07-25,entry,(unmapped),,1154150,15986,46.6
2026-07-25,entry,Lido,Liquid Staking,758784,23712,30.7
2026-07-25,entry,Kraken,CEX,324859,910,13.1
2026-07-25,entry,OKX,CEX,83818,87,3.4
2026-07-25,entry,Bitbank,CEX,78395,77,3.2
2026-07-25,entry,Upbit,CEX,55488,1734,2.2
2026-07-25,entry,Revolut,CEX,15296,478,0.6
2026-07-25,entry,Abyss Finance,Batch Staking Contract,2752,86,0.1
2026-07-25,entry,Kiln,Staking Pool,1310,6,0.1
2026-07-25,entry,deepspacechase.eth,Solo Staker,32,1,0
2026-07-25,exit,(unmapped),,32,1,100
2026-07-26,entry,(unmapped),,1206559,17962,48.2
2026-07-26,entry,Lido,Liquid Staking,744096,23253,29.7
2026-07-26,entry,Kraken,CEX,321707,903,12.9
2026-07-26,entry,OKX,CEX,78468,79,3.1
2026-07-26,entry,Bitbank,CEX,78395,77,3.1
2026-07-26,entry,Upbit,CEX,54176,1693,2.2
2026-07-26,entry,Revolut,CEX,14656,458,0.6
2026-07-26,entry,Abyss Finance,Batch Staking Contract,2752,86,0.1
2026-07-26,entry,Kiln,Staking Pool,1310,6,0.1
2026-07-26,entry,deepspacechase.eth,Solo Staker,32,1,0
2026-07-26,exit,(unmapped),,40517,1266,100
2026-07-27,entry,(unmapped),,1157016,18013,47.2
2026-07-27,entry,Lido,Liquid Staking,746112,23316,30.4
2026-07-27,entry,Kraken,CEX,320513,901,13.1
2026-07-27,entry,OKX,CEX,78468,79,3.2
2026-07-27,entry,Bitbank,CEX,78395,77,3.2
2026-07-27,entry,Upbit,CEX,54528,1704,2.2
2026-07-27,entry,Revolut,CEX,14720,460,0.6
2026-07-27,entry,Abyss Finance,Batch Staking Contract,2752,86,0.1
2026-07-27,entry,Kiln,Staking Pool,1310,6,0.1
2026-07-27,entry,deepspacechase.eth,Solo Staker,32,1,0
2026-07-27,exit,(unmapped),,19685,615,91
2026-07-27,exit,OKX,CEX,832,26,3.8
2026-07-27,exit,Upbit,CEX,832,26,3.8
2026-07-27,exit,Swell,Liquid Restaking,256,8,1.2
2026-07-27,exit,nbm.eth,Solo Staker,33,1,0.2
2026-07-28,entry,(unmapped),,1157063,17573,47.6
2026-07-28,entry,Lido,Liquid Staking,749120,23410,30.8
2026-07-28,entry,Kraken,CEX,307286,877,12.6
2026-07-28,entry,Bitbank,CEX,78395,77,3.2
2026-07-28,entry,OKX,CEX,72518,73,3
2026-07-28,entry,Upbit,CEX,48960,1530,2
2026-07-28,entry,Revolut,CEX,14112,441,0.6
2026-07-28,entry,Abyss Finance,Batch Staking Contract,2752,86,0.1
2026-07-28,entry,Kiln,Staking Pool,1310,6,0.1
2026-07-28,entry,P2P.org,Staking Pool,541,3,0
2026-07-28,entry,deepspacechase.eth,Solo Staker,32,1,0
2026-07-29,entry,(unmapped),,1168619,17360,47.7
2026-07-29,entry,Lido,Liquid Staking,729824,22807,29.8
2026-07-29,entry,Kraken,CEX,298318,866,12.2
2026-07-29,entry,Bitbank,CEX,78395,77,3.2
2026-07-29,entry,OKX,CEX,72078,72,2.9
2026-07-29,entry,Upbit,CEX,45952,1436,1.9
2026-07-29,entry,Binance,CEX,40000,20,1.6
2026-07-29,entry,Revolut,CEX,13760,430,0.6
2026-07-29,entry,Abyss Finance,Batch Staking Contract,2752,86,0.1
2026-07-29,entry,Kiln,Staking Pool,1310,6,0.1
2026-07-29,entry,P2P.org,Staking Pool,541,3,0
2026-07-29,entry,deepspacechase.eth,Solo Staker,32,1,0
2026-07-30,entry,(unmapped),,1216162,17467,49.1
2026-07-30,entry,Lido,Liquid Staking,724800,22650,29.3
2026-07-30,entry,Kraken,CEX,281536,845,11.4
2026-07-30,entry,Bitbank,CEX,78395,77,3.2
2026-07-30,entry,OKX,CEX,72379,74,2.9
2026-07-30,entry,Upbit,CEX,43072,1346,1.7
2026-07-30,entry,Binance,CEX,40000,20,1.6
2026-07-30,entry,Revolut,CEX,13152,411,0.5
2026-07-30,entry,Abyss Finance,Batch Staking Contract,2752,86,0.1
2026-07-30,entry,Kiln,Staking Pool,1310,6,0.1
2026-07-30,entry,P2P.org,Staking Pool,864,4,0
2026-07-30,entry,deepspacechase.eth,Solo Staker,32,1,0
2026-07-31,entry,(unmapped),,1230869,17648,49.4
2026-07-31,entry,Lido,Liquid Staking,732928,22904,29.4
2026-07-31,entry,Kraken,CEX,279191,838,11.2
2026-07-31,entry,Bitbank,CEX,78395,77,3.1
2026-07-31,entry,OKX,CEX,72379,74,2.9
2026-07-31,entry,Upbit,CEX,42528,1329,1.7
2026-07-31,entry,Binance,CEX,40000,20,1.6
2026-07-31,entry,Revolut,CEX,12896,403,0.5
2026-07-31,entry,Abyss Finance,Batch Staking Contract,2752,86,0.1
2026-07-31,entry,Kiln,Staking Pool,1310,6,0.1
2026-07-31,entry,P2P.org,Staking Pool,864,4,0
2026-07-31,entry,deepspacechase.eth,Solo Staker,32,1,0
2026-08-01,entry,(unmapped),,1224326,16892,49.3
2026-08-01,entry,Lido,Liquid Staking,734592,22956,29.6
2026-08-01,entry,Kraken,CEX,276921,805,11.1
2026-08-01,entry,Bitbank,CEX,78395,77,3.2
2026-08-01,entry,OKX,CEX,72222,74,2.9
2026-08-01,entry,Upbit,CEX,40800,1275,1.6
2026-08-01,entry,Binance,CEX,40000,20,1.6
2026-08-01,entry,Revolut,CEX,12256,383,0.5
2026-08-01,entry,Abyss Finance,Batch Staking Contract,2752,86,0.1
2026-08-01,entry,P2P.org,Staking Pool,1360,6,0.1
2026-08-01,entry,Kiln,Staking Pool,1310,6,0.1
2026-08-01,entry,Coinbase,CEX,224,7,0
2026-08-01,entry,deepspacechase.eth,Solo Staker,32,1,0
2026-08-01,exit,(unmapped),,1297,28,100
2026-08-02,entry,(unmapped),,1199991,16126,49.2
2026-08-02,entry,Lido,Liquid Staking,729600,22800,29.9
2026-08-02,entry,Kraken,CEX,275622,804,11.3
2026-08-02,entry,Bitbank,CEX,78395,77,3.2
2026-08-02,entry,OKX,CEX,61928,67,2.5
2026-08-02,entry,Binance,CEX,40000,20,1.6
2026-08-02,entry,Upbit,CEX,37984,1187,1.6
2026-08-02,entry,Revolut,CEX,11520,360,0.5
2026-08-02,entry,Abyss Finance,Batch Staking Contract,2752,86,0.1
2026-08-02,entry,P2P.org,Staking Pool,1460,7,0.1
2026-08-02,entry,Kiln,Staking Pool,1310,6,0.1
2026-08-02,entry,Coinbase,CEX,224,7,0
2026-08-02,entry,deepspacechase.eth,Solo Staker,32,1,0
2026-08-03,entry,(unmapped),,1191169,15973,49.8
2026-08-03,entry,Lido,Liquid Staking,694752,21711,29
2026-08-03,entry,Kraken,CEX,275622,804,11.5
2026-08-03,entry,Bitbank,CEX,78395,77,3.3
2026-08-03,entry,OKX,CEX,59409,65,2.5
2026-08-03,entry,Binance,CEX,40000,20,1.7
2026-08-03,entry,Upbit,CEX,36608,1144,1.5
2026-08-03,entry,Revolut,CEX,11008,344,0.5
2026-08-03,entry,Abyss Finance,Batch Staking Contract,2752,86,0.1
2026-08-03,entry,P2P.org,Staking Pool,1460,7,0.1
2026-08-03,entry,Kiln,Staking Pool,1310,6,0.1
2026-08-03,entry,Coinbase,CEX,224,7,0
2026-08-03,entry,deepspacechase.eth,Solo Staker,32,1,0
2026-08-04,entry,(unmapped),,1359704,16013,54.1
2026-08-04,entry,Lido,Liquid Staking,646016,20188,25.7
2026-08-04,entry,Kraken,CEX,274650,802,10.9
2026-08-04,entry,Bitbank,CEX,78395,77,3.1
2026-08-04,entry,OKX,CEX,60309,67,2.4
2026-08-04,entry,Binance,CEX,40000,20,1.6
2026-08-04,entry,Upbit,CEX,37536,1173,1.5
2026-08-04,entry,Revolut,CEX,11008,344,0.4
2026-08-04,entry,Abyss Finance,Batch Staking Contract,2752,86,0.1
2026-08-04,entry,P2P.org,Staking Pool,1460,7,0.1
2026-08-04,entry,Kiln,Staking Pool,1310,6,0.1
2026-08-04,entry,Coinbase,CEX,224,7,0
2026-08-04,entry,deepspacechase.eth,Solo Staker,32,1,0
2026-08-04,exit,(unmapped),,32,1,100
2026-08-05,entry,(unmapped),,1332262,15626,53.6
2026-08-05,entry,Lido,Liquid Staking,654464,20452,26.3
2026-08-05,entry,Kraken,CEX,273533,775,11
2026-08-05,entry,Bitbank,CEX,78395,77,3.2
2026-08-05,entry,OKX,CEX,56331,64,2.3
2026-08-05,entry,Binance,CEX,40000,20,1.6
2026-08-05,entry,Upbit,CEX,35616,1113,1.4
2026-08-05,entry,Revolut,CEX,10560,330,0.4
2026-08-05,entry,Abyss Finance,Batch Staking Contract,2848,89,0.1
2026-08-05,entry,P2P.org,Staking Pool,1767,10,0.1
2026-08-05,entry,Kiln,Staking Pool,1310,6,0.1
2026-08-05,entry,Coinbase,CEX,224,7,0
2026-08-05,entry,deepspacechase.eth,Solo Staker,32,1,0
2026-08-05,exit,Figment,Staking Pool,64,2,100
2026-08-06,entry,(unmapped),,1348450,15236,53.8
2026-08-06,entry,Lido,Liquid Staking,663104,20722,26.5
2026-08-06,entry,Kraken,CEX,272079,373,10.9
2026-08-06,entry,Bitbank,CEX,78395,77,3.1
2026-08-06,entry,OKX,CEX,54740,62,2.2
2026-08-06,entry,Binance,CEX,40000,20,1.6
2026-08-06,entry,Upbit,CEX,33216,1038,1.3
2026-08-06,entry,Revolut,CEX,10016,313,0.4
2026-08-06,entry,Abyss Finance,Batch Staking Contract,2848,89,0.1
2026-08-06,entry,P2P.org,Staking Pool,1767,10,0.1
2026-08-06,entry,Kiln,Staking Pool,1310,6,0.1
2026-08-06,entry,Coinbase,CEX,224,7,0
2026-08-06,entry,deepspacechase.eth,Solo Staker,32,1,0
2026-08-06,exit,(unmapped),,64,2,100
2026-08-07,entry,(unmapped),,1332150,15221,53.9
2026-08-07,entry,Lido,Liquid Staking,643584,20112,26
2026-08-07,entry,Kraken,CEX,271822,260,11
2026-08-07,entry,Bitbank,CEX,78395,77,3.2
2026-08-07,entry,OKX,CEX,58215,65,2.4
2026-08-07,entry,Binance,CEX,40000,20,1.6
2026-08-07,entry,Upbit,CEX,32352,1011,1.3
2026-08-07,entry,Revolut,CEX,9696,303,0.4
2026-08-07,entry,Abyss Finance,Batch Staking Contract,2880,90,0.1
2026-08-07,entry,P2P.org,Staking Pool,1767,10,0.1
2026-08-07,entry,Kiln,Staking Pool,1310,6,0.1
2026-08-07,entry,stakefish,Staking Pool,1216,38,0
2026-08-07,entry,Coinbase,CEX,224,7,0
2026-08-07,entry,Figment,Staking Pool,32,1,0
2026-08-07,entry,deepspacechase.eth,Solo Staker,32,1,0
2026-08-07,exit,(unmapped),,736,23,100
2026-08-08,entry,(unmapped),,1327558,15167,54.2
2026-08-08,entry,Lido,Liquid Staking,649120,20285,26.5
2026-08-08,entry,Kraken,CEX,246926,194,10.1
2026-08-08,entry,Bitbank,CEX,78395,77,3.2
2026-08-08,entry,OKX,CEX,57872,64,2.4
2026-08-08,entry,Binance,CEX,40000,20,1.6
2026-08-08,entry,Upbit,CEX,31008,969,1.3
2026-08-08,entry,Revolut,CEX,9184,287,0.4
2026-08-08,entry,Abyss Finance,Batch Staking Contract,2880,90,0.1
2026-08-08,entry,P2P.org,Staking Pool,1833,11,0.1
2026-08-08,entry,Kiln,Staking Pool,1502,11,0.1
2026-08-08,entry,stakefish,Staking Pool,1376,43,0.1
2026-08-08,entry,Coinbase,CEX,224,7,0
2026-08-08,entry,Figment,Staking Pool,32,1,0
2026-08-08,entry,deepspacechase.eth,Solo Staker,32,1,0
2026-08-09,entry,(unmapped),,1326427,15123,55.2
2026-08-09,entry,Lido,Liquid Staking,657408,20544,27.4
2026-08-09,entry,Kraken,CEX,194604,165,8.1
2026-08-09,entry,Bitbank,CEX,78395,77,3.3
2026-08-09,entry,OKX,CEX,58007,64,2.4
2026-08-09,entry,Binance,CEX,40000,20,1.7
2026-08-09,entry,Upbit,CEX,30432,951,1.3
2026-08-09,entry,Revolut,CEX,9280,290,0.4
2026-08-09,entry,Abyss Finance,Batch Staking Contract,2880,90,0.1
2026-08-09,entry,P2P.org,Staking Pool,1983,12,0.1
2026-08-09,entry,Kiln,Staking Pool,1502,11,0.1
2026-08-09,entry,stakefish,Staking Pool,1376,43,0.1
2026-08-09,entry,Coinbase,CEX,224,7,0
2026-08-09,entry,Figment,Staking Pool,32,1,0
2026-08-09,entry,deepspacechase.eth,Solo Staker,32,1,0
2026-08-10,entry,(unmapped),,1320971,15194,56
2026-08-10,entry,Lido,Liquid Staking,659104,20597,28
2026-08-10,entry,Kraken,CEX,148524,141,6.3
2026-08-10,entry,Bitbank,CEX,78395,77,3.3
2026-08-10,entry,OKX,CEX,62103,67,2.6
2026-08-10,entry,Binance,CEX,40000,20,1.7
2026-08-10,entry,Upbit,CEX,30720,960,1.3
2026-08-10,entry,Revolut,CEX,9312,291,0.4
2026-08-10,entry,Abyss Finance,Batch Staking Contract,2880,90,0.1
2026-08-10,entry,P2P.org,Staking Pool,2079,15,0.1
2026-08-10,entry,Kiln,Staking Pool,1502,11,0.1
2026-08-10,entry,stakefish,Staking Pool,1376,43,0.1
2026-08-10,entry,Coinbase,CEX,224,7,0
2026-08-10,entry,Figment,Staking Pool,32,1,0
2026-08-11,entry,(unmapped),,1341800,15045,56.1
2026-08-11,entry,Lido,Liquid Staking,658368,20574,27.5
2026-08-11,entry,Kraken,CEX,106284,119,4.4
2026-08-11,entry,Binance,CEX,90000,45,3.8
2026-08-11,entry,Bitbank,CEX,78395,77,3.3
2026-08-11,entry,OKX,CEX,67960,71,2.8
2026-08-11,entry,Upbit,CEX,30464,952,1.3
2026-08-11,entry,Revolut,CEX,9280,290,0.4
2026-08-11,entry,Abyss Finance,Batch Staking Contract,2912,91,0.1
2026-08-11,entry,P2P.org,Staking Pool,2079,15,0.1
2026-08-11,entry,Kiln,Staking Pool,1502,11,0.1
2026-08-11,entry,stakefish,Staking Pool,1376,43,0.1
2026-08-11,entry,Coinbase,CEX,224,7,0
2026-08-11,entry,Figment,Staking Pool,32,1,0
2026-08-11,exit,(unmapped),,32,1,100
2026-08-12,entry,(unmapped),,1341671,15118,57.2
2026-08-12,entry,Lido,Liquid Staking,647968,20249,27.6
2026-08-12,entry,Binance,CEX,90000,45,3.8
2026-08-12,entry,Bitbank,CEX,78395,77,3.3
2026-08-12,entry,Kraken,CEX,71548,99,3.1
2026-08-12,entry,OKX,CEX,68075,72,2.9
2026-08-12,entry,Upbit,CEX,29312,916,1.3
2026-08-12,entry,Revolut,CEX,9376,293,0.4
2026-08-12,entry,Abyss Finance,Batch Staking Contract,2912,91,0.1
2026-08-12,entry,P2P.org,Staking Pool,2310,21,0.1
2026-08-12,entry,Kiln,Staking Pool,1502,11,0.1
2026-08-12,entry,stakefish,Staking Pool,1376,43,0.1
2026-08-12,entry,Coinbase,CEX,224,7,0
2026-08-12,entry,Figment,Staking Pool,32,1,0
2026-08-13,entry,(unmapped),,1335376,14973,58.1
2026-08-13,entry,Lido,Liquid Staking,616608,19269,26.8
2026-08-13,entry,Binance,CEX,90000,45,3.9
2026-08-13,entry,Bitbank,CEX,78395,77,3.4
2026-08-13,entry,OKX,CEX,68075,72,3
2026-08-13,entry,Kraken,CEX,61948,94,2.7
2026-08-13,entry,Upbit,CEX,28896,903,1.3
2026-08-13,entry,Revolut,CEX,9248,289,0.4
2026-08-13,entry,Abyss Finance,Batch Staking Contract,2912,91,0.1
2026-08-13,entry,P2P.org,Staking Pool,2425,24,0.1
2026-08-13,entry,Kiln,Staking Pool,1502,11,0.1
2026-08-13,entry,stakefish,Staking Pool,1376,43,0.1
2026-08-13,entry,Coinbase,CEX,224,7,0
2026-08-13,entry,Figment,Staking Pool,32,1,0
2026-08-14,entry,(unmapped),,1313664,14897,57.4
2026-08-14,entry,Lido,Liquid Staking,651008,20344,28.4
2026-08-14,entry,Binance,CEX,90000,45,3.9
2026-08-14,entry,Bitbank,CEX,78395,77,3.4
2026-08-14,entry,OKX,CEX,72534,76,3.2
2026-08-14,entry,Kraken,CEX,35708,100,1.6
2026-08-14,entry,Upbit,CEX,29312,916,1.3
2026-08-14,entry,Revolut,CEX,9216,288,0.4
2026-08-14,entry,P2P.org,Staking Pool,3202,46,0.1
2026-08-14,entry,Abyss Finance,Batch Staking Contract,2912,91,0.1
2026-08-14,entry,Kiln,Staking Pool,1534,12,0.1
2026-08-14,entry,stakefish,Staking Pool,1376,43,0.1
2026-08-14,entry,Coinbase,CEX,224,7,0
2026-08-14,entry,Figment,Staking Pool,32,1,0
2026-08-15,entry,(unmapped),,1262528,15016,55.7
2026-08-15,entry,Lido,Liquid Staking,673504,21047,29.7
2026-08-15,entry,Binance,CEX,90000,45,4
2026-08-15,entry,Bitbank,CEX,78395,77,3.5
2026-08-15,entry,OKX,CEX,76808,80,3.4
2026-08-15,entry,Kraken,CEX,35740,101,1.6
2026-08-15,entry,Upbit,CEX,29696,928,1.3
2026-08-15,entry,Revolut,CEX,9408,294,0.4
2026-08-15,entry,P2P.org,Staking Pool,3235,47,0.1
2026-08-15,entry,Abyss Finance,Batch Staking Contract,2912,91,0.1
2026-08-15,entry,Kiln,Staking Pool,1598,14,0.1
2026-08-15,entry,stakefish,Staking Pool,1376,43,0.1
2026-08-15,entry,Coinbase,CEX,224,7,0
2026-08-15,entry,Figment,Staking Pool,32,1,0
2026-08-16,entry,(unmapped),,1209636,15068,54.6
2026-08-16,entry,Lido,Liquid Staking,675264,21102,30.5
2026-08-16,entry,Binance,CEX,90000,45,4.1
2026-08-16,entry,Bitbank,CEX,78395,77,3.5
2026-08-16,entry,OKX,CEX,76808,80,3.5
2026-08-16,entry,Kraken,CEX,35740,101,1.6
2026-08-16,entry,Upbit,CEX,30240,945,1.4
2026-08-16,entry,Revolut,CEX,9568,299,0.4
2026-08-16,entry,P2P.org,Staking Pool,3235,47,0.1
2026-08-16,entry,Abyss Finance,Batch Staking Contract,3072,96,0.1
2026-08-16,entry,Kiln,Staking Pool,1598,14,0.1
2026-08-16,entry,stakefish,Staking Pool,1376,43,0.1
2026-08-16,entry,Coinbase,CEX,224,7,0
2026-08-16,entry,Figment,Staking Pool,32,1,0
2026-08-17,entry,(unmapped),,1218724,15121,54.6
2026-08-17,entry,Lido,Liquid Staking,661440,20670,29.7
2026-08-17,entry,Binance,CEX,90000,45,4
2026-08-17,entry,Bitbank,CEX,78395,77,3.5
2026-08-17,entry,OKX,CEX,76808,80,3.4
2026-08-17,entry,Kiln,Staking Pool,33998,32,1.5
2026-08-17,entry,Upbit,CEX,29664,927,1.3
2026-08-17,entry,Kraken,CEX,24220,95,1.1
2026-08-17,entry,Revolut,CEX,9472,296,0.4
2026-08-17,entry,P2P.org,Staking Pool,3235,47,0.1
2026-08-17,entry,Abyss Finance,Batch Staking Contract,3072,96,0.1
2026-08-17,entry,stakefish,Staking Pool,1376,43,0.1
2026-08-17,entry,Coinbase,CEX,224,7,0
2026-08-17,entry,Figment,Staking Pool,32,1,0
2026-08-17,exit,(unmapped),,96,3,100
2026-08-18,entry,(unmapped),,1220677,14957,55.4
2026-08-18,entry,Lido,Liquid Staking,631808,19744,28.7
2026-08-18,entry,Binance,CEX,90000,45,4.1
2026-08-18,entry,Bitbank,CEX,78395,77,3.6
2026-08-18,entry,OKX,CEX,76181,79,3.5
2026-08-18,entry,Kiln,Staking Pool,33998,32,1.5
2026-08-18,entry,Upbit,CEX,29312,916,1.3
2026-08-18,entry,Kraken,CEX,24252,96,1.1
2026-08-18,entry,Revolut,CEX,9088,284,0.4
2026-08-18,entry,P2P.org,Staking Pool,3363,49,0.2
2026-08-18,entry,Abyss Finance,Batch Staking Contract,3072,96,0.1
2026-08-18,entry,stakefish,Staking Pool,1376,43,0.1
2026-08-18,entry,synergycrypto.eth,Solo Staker,832,1,0
2026-08-18,entry,Coinbase,CEX,224,7,0
2026-08-18,entry,Figment,Staking Pool,64,2,0
2026-08-19,entry,(unmapped),,1243173,14751,56.5
2026-08-19,entry,Lido,Liquid Staking,612672,19146,27.9
2026-08-19,entry,Binance,CEX,90000,45,4.1
2026-08-19,entry,Bitbank,CEX,78395,77,3.6
2026-08-19,entry,OKX,CEX,71215,75,3.2
2026-08-19,entry,Kiln,Staking Pool,33998,32,1.5
2026-08-19,entry,Upbit,CEX,28736,898,1.3
2026-08-19,entry,Kraken,CEX,23733,94,1.1
2026-08-19,entry,Revolut,CEX,8448,264,0.4
2026-08-19,entry,P2P.org,Staking Pool,3363,49,0.2
2026-08-19,entry,Abyss Finance,Batch Staking Contract,3072,96,0.1
2026-08-19,entry,stakefish,Staking Pool,1376,43,0.1
2026-08-19,entry,synergycrypto.eth,Solo Staker,832,1,0
2026-08-19,entry,Coinbase,CEX,224,7,0
2026-08-19,entry,Figment,Staking Pool,64,2,0
2026-08-19,exit,Abyss Finance,Batch Staking Contract,32,1,100
2026-08-20,entry,(unmapped),,1222801,14682,55.2
2026-08-20,entry,Lido,Liquid Staking,584896,18278,26.4
2026-08-20,entry,Binance,CEX,120000,60,5.4
2026-08-20,entry,Bitbank,CEX,78395,77,3.5
2026-08-20,entry,OKX,CEX,71169,74,3.2
2026-08-20,entry,Kiln,Staking Pool,66398,50,3
2026-08-20,entry,Upbit,CEX,28320,885,1.3
2026-08-20,entry,Kraken,CEX,23765,95,1.1
2026-08-20,entry,Revolut,CEX,8000,250,0.4
2026-08-20,entry,P2P.org,Staking Pool,4031,53,0.2
2026-08-20,entry,Abyss Finance,Batch Staking Contract,3168,99,0.1
2026-08-20,entry,stakefish,Staking Pool,1376,43,0.1
2026-08-20,entry,synergycrypto.eth,Solo Staker,832,1,0
2026-08-20,entry,Coinbase,CEX,224,7,0
2026-08-20,entry,Figment,Staking Pool,64,2,0
2026-08-21,entry,(unmapped),,1206677,14406,53.5
2026-08-21,entry,Lido,Liquid Staking,598144,18692,26.5
2026-08-21,entry,OKX,CEX,120523,105,5.3
2026-08-21,entry,Binance,CEX,120000,60,5.3
2026-08-21,entry,Bitbank,CEX,78395,77,3.5
2026-08-21,entry,Kiln,Staking Pool,66398,50,2.9
2026-08-21,entry,Upbit,CEX,27296,853,1.2
2026-08-21,entry,Kraken,CEX,22586,73,1
2026-08-21,entry,Revolut,CEX,7296,228,0.3
2026-08-21,entry,P2P.org,Staking Pool,4082,54,0.2
2026-08-21,entry,Abyss Finance,Batch Staking Contract,3168,99,0.1
2026-08-21,entry,stakefish,Staking Pool,1408,44,0.1
2026-08-21,entry,synergycrypto.eth,Solo Staker,832,1,0
2026-08-21,entry,Coinbase,CEX,224,7,0
2026-08-21,entry,Figment,Staking Pool,64,2,0
2026-08-21,exit,(unmapped),,160,5,71.4
2026-08-21,exit,Revolut,CEX,64,2,28.6
2026-08-22,entry,(unmapped),,1218711,14131,53.6
2026-08-22,entry,Lido,Liquid Staking,574048,17939,25.2
2026-08-22,entry,OKX,CEX,149451,125,6.6
2026-08-22,entry,Binance,CEX,120000,60,5.3
2026-08-22,entry,Bitbank,CEX,78395,77,3.4
2026-08-22,entry,Kiln,Staking Pool,66494,53,2.9
2026-08-22,entry,Upbit,CEX,25664,802,1.1
2026-08-22,entry,Kraken,CEX,25387,168,1.1
2026-08-22,entry,Revolut,CEX,6688,209,0.3
2026-08-22,entry,P2P.org,Staking Pool,4082,54,0.2
2026-08-22,entry,Abyss Finance,Batch Staking Contract,3168,99,0.1
2026-08-22,entry,stakefish,Staking Pool,1408,44,0.1
2026-08-22,entry,synergycrypto.eth,Solo Staker,832,1,0
2026-08-22,entry,Coinbase,CEX,224,7,0
2026-08-22,entry,Figment,Staking Pool,64,2,0
2026-08-22,exit,(unmapped),,19491,607,87.6
2026-08-22,exit,Revolut,CEX,1088,34,4.9
2026-08-22,exit,Lido,Liquid Staking,960,30,4.3
2026-08-22,exit,Upbit,CEX,480,15,2.2
2026-08-22,exit,Bitstamp,CEX,224,7,1
2026-08-23,entry,(unmapped),,1189915,13451,53.5
2026-08-23,entry,Lido,Liquid Staking,555936,17373,25
2026-08-23,entry,OKX,CEX,151733,127,6.8
2026-08-23,entry,Binance,CEX,120000,60,5.4
2026-08-23,entry,Bitbank,CEX,78395,77,3.5
2026-08-23,entry,Kiln,Staking Pool,66494,53,3
2026-08-23,entry,Kraken,CEX,25387,168,1.1
2026-08-23,entry,Upbit,CEX,22304,697,1
2026-08-23,entry,Revolut,CEX,5760,180,0.3
2026-08-23,entry,P2P.org,Staking Pool,4082,54,0.2
2026-08-23,entry,Abyss Finance,Batch Staking Contract,3584,112,0.2
2026-08-23,entry,stakefish,Staking Pool,1408,44,0.1
2026-08-23,entry,synergycrypto.eth,Solo Staker,832,1,0
2026-08-23,entry,Coinbase,CEX,224,7,0
2026-08-23,entry,Figment,Staking Pool,64,2,0
2026-08-23,exit,Revolut,CEX,96,3,100
2026-08-24,entry,(unmapped),,1157334,13051,53.1
2026-08-24,entry,Lido,Liquid Staking,553088,17284,25.4
2026-08-24,entry,OKX,CEX,144751,123,6.6
2026-08-24,entry,Binance,CEX,120000,60,5.5
2026-08-24,entry,Bitbank,CEX,78395,77,3.6
2026-08-24,entry,Kiln,Staking Pool,66526,54,3.1
2026-08-24,entry,Kraken,CEX,21992,165,1
2026-08-24,entry,Upbit,CEX,21824,682,1
2026-08-24,entry,Revolut,CEX,5376,168,0.2
2026-08-24,entry,P2P.org,Staking Pool,4082,54,0.2
2026-08-24,entry,Abyss Finance,Batch Staking Contract,3584,112,0.2
2026-08-24,entry,stakefish,Staking Pool,1408,44,0.1
2026-08-24,entry,synergycrypto.eth,Solo Staker,832,1,0
2026-08-24,entry,Coinbase,CEX,224,7,0
2026-08-24,entry,Figment,Staking Pool,64,2,0
2026-08-24,entry,edmiikk.eth,Solo Staker,0,1,0
2026-08-25,entry,(unmapped),,1170201,12776,52.5
2026-08-25,entry,Lido,Liquid Staking,590688,18459,26.5
2026-08-25,entry,OKX,CEX,144413,122,6.5
2026-08-25,entry,Binance,CEX,120000,60,5.4
2026-08-25,entry,Bitbank,CEX,78395,77,3.5
2026-08-25,entry,Kiln,Staking Pool,66526,54,3
2026-08-25,entry,Kraken,CEX,21664,164,1
2026-08-25,entry,Upbit,CEX,20576,643,0.9
2026-08-25,entry,Revolut,CEX,5120,160,0.2
2026-08-25,entry,P2P.org,Staking Pool,4082,54,0.2
2026-08-25,entry,Abyss Finance,Batch Staking Contract,3584,112,0.2
2026-08-25,entry,stakefish,Staking Pool,1408,44,0.1
2026-08-25,entry,synergycrypto.eth,Solo Staker,832,1,0
2026-08-25,entry,Coinbase,CEX,224,7,0
2026-08-25,entry,Figment,Staking Pool,64,2,0
2026-08-25,entry,edmiikk.eth,Solo Staker,0,1,0
2026-08-25,exit,(unmapped),,128,4,80
2026-08-25,exit,Revolut,CEX,32,1,20
2026-08-26,entry,(unmapped),,1177735,12926,53.7
2026-08-26,entry,Lido,Liquid Staking,555520,17360,25.3
2026-08-26,entry,OKX,CEX,143560,122,6.5
2026-08-26,entry,Binance,CEX,120000,60,5.5
2026-08-26,entry,Bitbank,CEX,78395,77,3.6
2026-08-26,entry,Kiln,Staking Pool,66631,56,3
2026-08-26,entry,Upbit,CEX,20640,645,0.9
2026-08-26,entry,Kraken,CEX,15499,160,0.7
2026-08-26,entry,Revolut,CEX,5056,158,0.2
2026-08-26,entry,P2P.org,Staking Pool,4198,57,0.2
2026-08-26,entry,Abyss Finance,Batch Staking Contract,3584,112,0.2
2026-08-26,entry,stakefish,Staking Pool,1408,44,0.1
2026-08-26,entry,synergycrypto.eth,Solo Staker,832,1,0
2026-08-26,entry,Coinbase,CEX,224,7,0
2026-08-26,entry,Figment,Staking Pool,64,2,0
2026-08-26,entry,edmiikk.eth,Solo Staker,0,1,0
2026-08-26,exit,(unmapped),,192,6,100
2026-08-27,entry,(unmapped),,1169496,12725,54.4
2026-08-27,entry,Lido,Liquid Staking,522816,16338,24.3
2026-08-27,entry,OKX,CEX,142500,121,6.6
2026-08-27,entry,Binance,CEX,120000,60,5.6
2026-08-27,entry,Bitbank,CEX,78395,77,3.6
2026-08-27,entry,Kiln,Staking Pool,66631,56,3.1
2026-08-27,entry,Upbit,CEX,20032,626,0.9
2026-08-27,entry,Kraken,CEX,13060,158,0.6
2026-08-27,entry,Revolut,CEX,4832,151,0.2
2026-08-27,entry,P2P.org,Staking Pool,4198,57,0.2
2026-08-27,entry,Abyss Finance,Batch Staking Contract,3584,112,0.2
2026-08-27,entry,stakefish,Staking Pool,1408,44,0.1
2026-08-27,entry,synergycrypto.eth,Solo Staker,832,1,0
2026-08-27,entry,Coinbase,CEX,224,7,0
2026-08-27,entry,Figment,Staking Pool,64,2,0
2026-08-27,entry,edmiikk.eth,Solo Staker,0,1,0
2026-08-27,exit,Puffer Finance,Liquid Restaking,3617,113,87.6
2026-08-27,exit,(unmapped),,513,16,12.4
2026-08-28,entry,(unmapped),,1140421,12578,53.2
2026-08-28,entry,Lido,Liquid Staking,505088,15784,23.6
2026-08-28,entry,Binance,CEX,160000,80,7.5
2026-08-28,entry,OKX,CEX,142938,122,6.7
2026-08-28,entry,Bitbank,CEX,78395,77,3.7
2026-08-28,entry,Kiln,Staking Pool,66631,56,3.1
2026-08-28,entry,Upbit,CEX,20032,626,0.9
2026-08-28,entry,Kraken,CEX,13157,178,0.6
2026-08-28,entry,Revolut,CEX,4768,149,0.2
2026-08-28,entry,P2P.org,Staking Pool,4198,57,0.2
2026-08-28,entry,Abyss Finance,Batch Staking Contract,3584,112,0.2
2026-08-28,entry,stakefish,Staking Pool,1408,44,0.1
2026-08-28,entry,synergycrypto.eth,Solo Staker,832,1,0
2026-08-28,entry,Coinbase,CEX,224,7,0
2026-08-28,entry,Figment,Staking Pool,64,2,0
2026-08-28,entry,edmiikk.eth,Solo Staker,0,1,0
2026-08-29,entry,(unmapped),,1145781,12744,54.2
2026-08-29,entry,Lido,Liquid Staking,506560,15830,24
2026-08-29,entry,Binance,CEX,160000,80,7.6
2026-08-29,entry,OKX,CEX,144761,124,6.9
2026-08-29,entry,Kiln,Staking Pool,66631,56,3.2
2026-08-29,entry,Bitbank,CEX,40507,40,1.9
2026-08-29,entry,Upbit,CEX,20192,631,1
2026-08-29,entry,Kraken,CEX,13061,175,0.6
2026-08-29,entry,Revolut,CEX,4704,147,0.2
2026-08-29,entry,P2P.org,Staking Pool,4198,57,0.2
2026-08-29,entry,Abyss Finance,Batch Staking Contract,3616,113,0.2
2026-08-29,entry,stakefish,Staking Pool,1408,44,0.1
2026-08-29,entry,synergycrypto.eth,Solo Staker,832,1,0
2026-08-29,entry,Coinbase,CEX,224,7,0
2026-08-29,entry,Figment,Staking Pool,64,2,0
2026-08-29,entry,edmiikk.eth,Solo Staker,0,1,0
2026-08-30,entry,(unmapped),,1131315,12339,54.9
2026-08-30,entry,Lido,Liquid Staking,508832,15901,24.7
2026-08-30,entry,Binance,CEX,160000,80,7.8
2026-08-30,entry,OKX,CEX,144290,123,7
2026-08-30,entry,Kiln,Staking Pool,66631,56,3.2
2026-08-30,entry,Upbit,CEX,20416,638,1
2026-08-30,entry,Kraken,CEX,13061,175,0.6
2026-08-30,entry,Revolut,CEX,4704,147,0.2
2026-08-30,entry,P2P.org,Staking Pool,4198,57,0.2
2026-08-30,entry,Abyss Finance,Batch Staking Contract,3616,113,0.2
2026-08-30,entry,stakefish,Staking Pool,1408,44,0.1
2026-08-30,entry,synergycrypto.eth,Solo Staker,832,1,0
2026-08-30,entry,Coinbase,CEX,224,7,0
2026-08-30,entry,Figment,Staking Pool,64,2,0
2026-08-30,entry,edmiikk.eth,Solo Staker,0,1,0
2026-08-31,entry,(unmapped),,1080915,11040,52.9
2026-08-31,entry,Lido,Liquid Staking,539168,16849,26.4
2026-08-31,entry,Binance,CEX,160000,80,7.8
2026-08-31,entry,OKX,CEX,144683,123,7.1
2026-08-31,entry,Kiln,Staking Pool,66631,56,3.3
2026-08-31,entry,Upbit,CEX,19616,613,1
2026-08-31,entry,Kraken,CEX,12997,173,0.6
2026-08-31,entry,Revolut,CEX,4480,140,0.2
2026-08-31,entry,P2P.org,Staking Pool,4198,57,0.2
2026-08-31,entry,Figment,Staking Pool,3968,124,0.2
2026-08-31,entry,Abyss Finance,Batch Staking Contract,3616,113,0.2
2026-08-31,entry,epstrom.eth,Solo Staker,1856,58,0.1
2026-08-31,entry,stakefish,Staking Pool,1408,44,0.1
2026-08-31,entry,synergycrypto.eth,Solo Staker,832,1,0
2026-08-31,entry,Coinbase,CEX,224,7,0
2026-08-31,entry,edmiikk.eth,Solo Staker,0,1,0
