date,validators,entry_queue_eth,entry_wait_days,exit_queue_eth,exit_wait_days,staked_eth,staked_pct,apr
2023-05-21,578767,2002464,31.58,0,0,18511588,15.39,
2023-05-22,580348,2087200,32.79,0,0,18561604,15.43,
2023-05-23,581952,2128352,33.33,0,0,18612932,15.48,
2023-05-24,583258,2261728,35.31,0,0,18655108,15.51,
2023-05-25,584817,2303904,35.79,0,0,18705668,15.55,
2023-05-26,586492,2316224,35.78,0,0,18759782,15.6,
2023-05-27,588064,2363936,36.26,0,0,18808614,15.64,
2023-05-28,589757,2450720,37.28,0,0,18862982,15.69,
2023-05-29,591578,2449504,37.17,32,0,18919830,15.73,
2023-05-30,592838,2428192,36.81,32,0,18957542,15.76,
2023-05-31,594357,2424448,36.69,160,0,19021462,15.82,
2023-06-01,595761,2466816,37.2,0,0,19059606,15.85,
2023-06-02,597299,2492320,37.48,0,0,19112374,15.89,
2023-06-03,598725,2885120,42.87,32,0,19158006,15.93,5.06
2023-06-04,600757,3005600,44.44,0,0,19163320,15.94,5.2
2023-06-05,602770,2987872,44.1,0,0,19216600,15.98,5.16
2023-06-06,604673,2946560,43.43,480,0.01,19256824,16.01,5.03
2023-06-07,605661,3009760,44.26,11584,0.18,19314744,16.06,5
2023-06-08,606269,3026016,44.45,320,0,19289592,16.04,4.91
2023-06-09,606947,3075456,45.11,10528,0.16,19246776,16.01,4.82
2023-06-10,608224,3088256,45.22,1696,0.03,19417464,16.15,4.78
2023-06-11,609801,3061536,44.77,0,0,19441947,16.17,4.79
2023-06-12,611565,3023680,44.16,1792,0.03,19501112,16.22,4.75
2023-06-13,612494,3006336,43.87,89920,1.39,19416792,16.15,4.71
2023-06-14,612494,2991584,43.67,35136,0.54,19496638,16.21,4.63
2023-06-15,612919,3007104,43.86,1120,0.02,19430430,16.16,4.6
2023-06-16,614710,2970176,43.26,64,0,18721659,15.57,4.57
2023-06-17,616508,2994176,43.5,1472,0.02,19489339,16.21,4.55
2023-06-18,618146,2958880,42.93,0,0,19722043,16.4,4.53
2023-06-19,620091,2922752,42.34,512,0.01,19782843,16.45,4.57
2023-06-20,621744,2888608,41.78,1728,0.03,19573659,16.28,4.57
2023-06-21,623467,2894304,41.77,64,0,19863963,16.52,4.59
2023-06-22,624804,2894048,41.7,32,0,19935803,16.58,4.61
2023-06-23,626511,2917632,41.95,0,0,19993566,16.63,4.62
2023-06-24,628339,3005920,43.03,0,0,19931870,16.58,4.63
2023-06-25,630350,2984096,42.57,0,0,20117822,16.73,4.59
2023-06-26,632124,2960160,42.11,0,0,20173630,16.78,4.54
2023-06-27,633995,2941344,41.7,0,0,20209631,16.81,4.52
2023-06-28,636071,3000032,42.26,32,0,20007999,16.64,4.5
2023-06-29,637861,2984448,41.9,0,0,20276928,16.86,4.56
2023-06-30,639732,2965568,41.5,0,0,20378015,16.95,4.57
2023-07-01,641605,2919584,40.75,0,0,20453919,17.01,4.63
2023-07-02,643504,2936480,40.79,0,0,20535648,17.08,4.67
2023-07-03,645338,2901984,40.19,1632,0.03,20574336,17.11,4.69
2023-07-04,647047,2864576,39.56,0,0,20634464,17.16,4.73
2023-07-05,648531,2841472,39.14,32,0,20682496,17.2,4.75
2023-07-06,650165,2801728,38.49,0,0,20738848,17.25,4.67
2023-07-07,652143,2776896,38,0,0,20809568,17.31,4.65
2023-07-08,653635,2773248,37.82,2912,0.04,20846464,17.34,4.63
2023-07-09,654340,2762208,37.62,256,0,20859936,17.35,4.63
2023-07-10,656416,2714976,36.89,256,0,20896608,17.38,4.64
2023-07-11,657997,2658976,36.11,576,0.01,20977120,17.45,4.65
2023-07-12,660179,2632640,35.69,0,0,21051072,17.51,4.68
2023-07-13,662264,2611776,35.35,0,0,21139072,17.58,4.69
2023-07-14,664357,2638368,35.6,0,0,20746240,17.26,4.68
2023-07-15,666395,2704576,36.35,0,0,21205408,17.64,4.66
2023-07-16,668533,2705728,36.28,0,0,21068736,17.52,4.6
2023-07-17,670595,2659360,35.61,480,0.01,21276928,17.7,4.59
2023-07-18,672664,2617504,35,0,0,21466016,17.85,4.61
2023-07-19,674570,2588224,34.55,32,0,21534432,17.91,4.58
2023-07-20,676594,2634432,35.05,0,0,21557120,17.93,4.6
2023-07-21,678560,2653920,35.22,0,0,21642368,18,4.63
2023-07-22,680663,2663712,35.26,0,0,21710432,18.06,4.63
2023-07-23,682781,2627712,34.72,1312,0.02,21780544,18.12,4.68
2023-07-24,684814,2614720,34.47,0,0,21810912,18.14,4.69
2023-07-25,686894,2586688,34.03,32,0,21880544,18.2,4.69
2023-07-26,688952,2590176,33.99,0,0,21963872,18.27,4.74
2023-07-27,690870,2590304,33.92,0,0,22025792,18.32,4.75
2023-07-28,692919,2591648,33.85,0,0,22071328,18.36,4.75
2023-07-29,694816,2599616,33.88,32,0,22162720,18.43,4.75
2023-07-30,697026,2629376,34.16,0,0,22222144,18.48,4.74
2023-07-31,699034,2589632,33.58,32,0,22256768,18.51,4.71
2023-08-01,700951,2548352,32.98,0,0,22368320,18.61,4.68
2023-08-02,702827,2507136,32.39,32,0,22390336,18.62,4.6
2023-08-03,704857,2475744,31.91,0,0,22458783,18.68,4.54
2023-08-04,706487,2426400,31.22,0,0,22529791,18.74,4.49
2023-08-05,708563,2373536,30.47,0,0,22564191,18.77,4.42
2023-08-06,710627,2352224,30.11,0,0,22650719,18.84,4.35
2023-08-07,712606,2308384,29.48,0,0,22699263,18.88,4.35
2023-08-08,714573,2251904,28.69,0,0,22789503,18.96,4.31
2023-08-09,716333,2205408,28.03,6912,0.1,22828895,18.99,4.31
2023-08-10,718198,2192416,27.78,0,0,22902047,19.05,4.31
2023-08-11,720298,2175424,27.43,192,0,22935103,19.08,4.27
2023-08-12,722362,2190304,27.51,0,0,22960031,19.1,4.27
2023-08-13,724685,2184320,27.36,0,0,23101055,19.22,4.25
2023-08-14,727009,2129568,26.65,1440,0.02,23111583,19.22,4.23
2023-08-15,729336,2078016,25.97,2912,0.04,23203647,19.3,4.21
2023-08-16,731306,2050112,25.58,0,0,23325566,19.4,4.19
2023-08-17,733528,2015936,25.11,0,0,23382718,19.45,4.21
2023-08-18,735547,1973472,24.55,480,0.01,23449821,19.51,4.22
2023-08-19,737862,1985088,24.61,352,0,23485053,19.54,4.25
2023-08-20,740245,1961952,24.26,256,0,23505500,19.55,4.26
2023-08-21,742429,1927584,23.79,224,0,23562365,19.6,4.24
2023-08-22,743473,1935424,23.85,224,0,23701694,19.72,4.24
2023-08-23,745734,1912576,23.51,480,0.01,23786910,19.79,4.24
2023-08-24,748000,1923520,23.56,512,0.01,23852317,19.84,4.2
2023-08-25,750173,1883072,23.02,0,0,23865885,19.85,4.17
2023-08-26,752433,1861056,22.68,0,0,23959901,19.93,4.14
2023-08-27,754365,1837824,22.35,128,0,23973821,19.94,4.13
2023-08-28,756430,1781504,21.63,0,0,24046556,20,4.11
2023-08-29,758756,1731136,20.97,0,0,23948893,19.92,4.11
2023-08-30,760894,1757568,21.2,32,0,24187965,20.12,4.14
2023-08-31,762985,1771488,21.29,0,0,24334429,20.24,4.15
2023-09-01,765255,1752640,21,32,0,24391293,20.29,4.13
2023-09-02,767157,1707520,20.41,0,0,24478621,20.36,4.09
2023-09-03,769467,1677472,19.99,160,0,24557949,20.43,4.06
2023-09-04,771815,1617088,19.21,160,0,24564285,20.43,4.05
2023-09-05,774184,1566368,18.54,0,0,24686621,20.54,4.02
2023-09-06,776454,1527616,18.02,224,0,24793181,20.62,3.94
2023-09-07,778231,1481600,17.42,64,0,24605437,20.47,3.92
2023-09-08,780336,1438816,16.86,0,0,24902909,20.72,3.91
2023-09-09,781911,1386656,16.2,0,0,24950045,20.75,3.92
2023-09-10,784164,1347808,15.68,96,0,24977915,20.78,3.96
2023-09-11,786494,1277376,14.78,192,0,24915547,20.73,3.97
2023-09-12,788998,1236896,14.32,5984,0.07,25129595,20.9,3.95
2023-09-13,791247,1183680,13.7,64,0,25245531,21,3.98
2023-09-14,793625,1156032,13.38,32,0,25302715,21.05,3.95
2023-09-15,795875,1178016,13.63,0,0,25354299,21.09,3.95
2023-09-16,798264,1141728,13.21,0,0,25457915,21.18,3.94
2023-09-17,800824,1085088,12.56,320,0,25415259,21.14,3.89
2023-09-18,803373,1012288,11.72,448,0.01,25439195,21.16,3.86
2023-09-19,805771,958688,11.1,0,0,25688891,21.37,3.85
2023-09-20,807641,928256,10.74,64,0,25760796,21.43,3.83
2023-09-21,809049,901216,10.43,640,0.01,25788059,21.45,3.82
2023-09-22,811391,898368,10.4,0,0,25873115,21.52,3.8
2023-09-23,813930,831712,9.63,32,0,25981845,21.61,3.79
2023-09-24,816537,792384,9.17,64,0,25910261,21.55,3.76
2023-09-25,818979,727040,8.41,64,0,26094901,21.7,3.75
2023-09-26,821524,665824,7.71,64,0,26193269,21.79,3.75
2023-09-27,823580,613280,7.1,2240,0.03,26288566,21.87,3.74
2023-09-28,825467,599904,6.94,0,0,25672853,21.35,3.73
2023-09-29,827875,546976,6.33,64,0,26374869,21.94,3.72
2023-09-30,830303,490912,5.68,0,0,26427094,21.98,3.69
2023-10-01,832771,490976,5.68,3360,0.04,26600694,22.12,3.7
2023-10-02,835277,418336,4.84,320,0,26556310,22.09,3.7
2023-10-03,837848,371584,4.3,0,0,26730293,22.23,3.72
2023-10-04,839822,329280,3.81,0,0,26756565,22.25,3.73
2023-10-05,841171,284640,3.29,6624,0.08,26769045,22.26,3.72
2023-10-06,841759,240192,2.78,0,0,26542965,22.07,3.7
2023-10-07,844216,194656,2.25,288,0,26879957,22.35,3.68
2023-10-08,846637,161024,1.86,1120,0.01,27024341,22.47,3.67
2023-10-09,849121,96864,1.12,352,0,27097045,22.53,3.65
2023-10-10,851445,40032,0.44,64,0,27065525,22.51,3.6
2023-10-11,853527,91616,0.98,5472,0.06,27188277,22.61,3.55
2023-10-12,854675,56608,0.6,192,0,27207829,22.63,3.52
2023-10-13,857304,6400,0.07,64,0,27157813,22.58,3.51
2023-10-14,859248,15808,0.17,0,0,27410741,22.79,3.51
2023-10-15,861290,10848,0.12,0,0,27460309,22.84,3.51
2023-10-16,861938,0,0,192,0,27409525,22.79,3.5
2023-10-17,862322,1920,0.02,0,0,27533141,22.9,3.51
2023-10-18,863319,15552,0.17,0,0,27481301,22.85,3.53
2023-10-19,863432,8224,0.09,5280,0.06,27412597,22.79,3.53
2023-10-20,862895,0,0,0,0,27488367,22.86,3.54
2023-10-21,863478,736,0.01,32,0,27527663,22.89,3.56
2023-10-22,863980,0,0,0,0,27538959,22.9,3.57
2023-10-23,864469,0,0,64,0,27531919,22.89,3.59
2023-10-24,863763,0,0,22272,0.24,27542703,22.9,3.6
2023-10-25,864062,6272,0.07,32,0,27516048,22.88,3.65
2023-10-26,864729,0,0,0,0,27610735,22.96,3.66
2023-10-27,865109,16416,0.18,2976,0.03,27610959,22.96,3.71
2023-10-28,865154,0,0,672,0.01,27577903,22.93,3.72
2023-10-29,865857,0,0,0,0,27589071,22.94,3.73
2023-10-30,866266,0,0,1504,0.02,27506063,22.87,3.75
2023-10-31,867423,53056,0.57,0,0,27672239,23.01,3.75
2023-11-01,870336,63904,0.68,0,0,27705519,23.04,3.73
2023-11-02,871368,0,0,0,0,27776399,23.1,3.74
2023-11-03,871591,6784,0.07,3968,0.04,27775813,23.1,3.73
2023-11-04,871542,31712,0.34,0,0,27784453,23.1,3.72
2023-11-05,873320,29824,0.32,1184,0.01,27026821,22.47,3.72
2023-11-06,875288,10432,0.11,0,0,27893125,23.19,3.71
2023-11-07,876314,25856,0.28,0,0,27901252,23.2,3.73
2023-11-08,878183,14528,0.16,800,0.01,27742212,23.07,3.72
2023-11-09,879550,18464,0.2,13920,0.15,27851462,23.16,3.72
2023-11-10,880758,50144,0.54,37824,0.4,28090534,23.36,3.71
2023-11-11,881139,16320,0.17,0,0,28120518,23.38,3.75
2023-11-12,881612,0,0,256,0,28110724,23.38,3.77
2023-11-13,881834,62976,0.67,61760,0.66,27596902,22.95,3.79
2023-11-14,881673,0,0,28480,0.3,28146467,23.41,3.81
2023-11-15,880887,12288,0.13,64,0,28063267,23.34,3.89
2023-11-16,881899,0,0,384,0,28084867,23.35,3.92
2023-11-17,882456,7104,0.08,0,0,28027622,23.31,3.93
2023-11-18,883949,0,0,128,0,28139333,23.4,3.89
2023-11-19,885325,128,0,32,0,28203812,23.45,3.88
2023-11-20,885819,6528,0.07,17472,0.19,28172324,23.43,3.87
2023-11-21,884935,0,0,31488,0.34,28097794,23.37,3.83
2023-11-22,884661,0,0,1216,0.01,28131202,23.39,3.75
2023-11-23,884211,16640,0.18,0,0,28182371,23.44,3.73
2023-11-24,884593,36224,0.39,76288,0.82,28126627,23.39,3.75
2023-11-25,884593,6592,0.07,38240,0.41,28188963,23.44,3.74
2023-11-26,882984,0,0,34112,0.36,27507012,22.88,3.73
2023-11-27,881207,0,0,9152,0.1,28108419,23.38,3.72
2023-11-28,879518,6272,0.07,21280,0.23,28030403,23.31,3.73
2023-11-29,879804,0,0,448,0,28057798,23.33,3.75
2023-11-30,879951,0,0,192,0,28043620,23.32,3.79
2023-12-01,880620,26848,0.29,352,0,28104709,23.37,3.78
2023-12-02,882507,0,0,704,0.01,28112612,23.38,3.81
2023-12-03,884126,0,0,32,0,28159682,23.42,3.85
2023-12-04,886245,124992,1.34,64,0,28241475,23.49,3.86
2023-12-05,888419,94624,1.01,122528,1.31,28297538,23.54,3.88
2023-12-06,888419,67616,0.72,37664,0.4,28349315,23.58,3.88
2023-12-07,889267,5440,0.06,1504,0.02,28351107,23.58,3.86
2023-12-08,890061,9312,0.1,6592,0.07,28389506,23.61,3.86
2023-12-09,890560,0,0,192,0,28410050,23.63,3.85
2023-12-10,889709,1728,0.02,10784,0.12,28319906,23.56,3.83
2023-12-11,889416,0,0,288,0,28359330,23.59,3.82
2023-12-12,888405,4128,0.04,26688,0.29,28312962,23.55,3.8
2023-12-13,889251,2560,0.03,10016,0.11,28235746,23.49,3.78
2023-12-14,889349,59680,0.64,8640,0.09,28236898,23.49,3.78
2023-12-15,890711,0,0,32,0,28428993,23.65,3.77
2023-12-16,891428,10432,0.11,6816,0.07,28456802,23.67,3.81
2023-12-17,890662,0,0,32,0,28181066,23.45,3.83
2023-12-18,890575,24544,0.26,0,0,28413258,23.64,3.84
2023-12-19,890466,0,0,18848,0.2,28404042,23.63,3.85
2023-12-20,890462,30784,0.33,0,0,28399210,23.63,3.86
2023-12-21,891776,7584,0.08,10400,0.11,28059362,23.35,3.82
2023-12-22,892380,7104,0.08,0,0,28421345,23.65,3.81
2023-12-23,892160,0,0,35936,0.38,28461568,23.68,3.74
2023-12-24,893478,24416,0.26,0,0,28484319,23.7,3.71
2023-12-25,893579,0,0,0,0,27809888,23.14,3.7
2023-12-26,894203,3168,0.03,608,0.01,28508031,23.72,3.69
2023-12-27,895239,0,0,480,0.01,28507391,23.72,3.64
2023-12-28,895053,1408,0.02,32,0,28484864,23.7,3.63
2023-12-29,896897,38144,0.41,640,0.01,28636447,23.83,3.63
2023-12-30,899069,16224,0.17,9152,0.1,28705695,23.89,3.64
2023-12-31,899840,19392,0.21,0,0,28704479,23.88,3.62
2024-01-01,902168,0,0,160,0,28767455,23.94,3.6
2024-01-02,903467,4288,0.05,1024,0.01,28824672,23.98,3.55
2024-01-03,903958,0,0,0,0,28829952,23.99,3.54
2024-01-04,905137,21824,0.23,832,0.01,28876640,24.03,3.53
2024-01-05,906321,0,0,536512,5.6,28765759,23.94,3.55
2024-01-06,904139,11040,0.12,463296,4.92,28827935,23.99,3.52
2024-01-07,903211,0,0,374272,4,28644423,23.83,3.51
2024-01-08,900987,3008,0.03,286592,3.06,28557345,23.76,3.49
2024-01-09,898779,0,0,230496,2.46,28678688,23.86,3.5
2024-01-10,897553,11552,0.12,196288,2.1,28641280,23.83,3.51
2024-01-11,896688,23360,0.25,120608,1.29,28410848,23.64,3.52
2024-01-12,896688,15680,0.17,80224,0.86,28522209,23.73,3.54
2024-01-13,895625,0,0,9792,0.1,28530783,23.74,3.54
2024-01-14,896556,5408,0.06,1472,0.02,28435423,23.66,3.57
2024-01-15,897116,0,0,416,0,28591872,23.79,3.61
2024-01-16,896037,32512,0.35,96,0,28594911,23.79,3.63
2024-01-17,897025,0,0,0,0,28450816,23.67,3.65
2024-01-18,898192,14144,0.15,896,0.01,28655423,23.84,3.68
2024-01-19,900053,0,0,736,0.01,28721503,23.9,3.64
2024-01-22,906057,11360,0.12,19264,0.21,28640767,23.83,3.63
2024-01-23,905572,0,0,28160,0.3,28795327,23.96,3.63
2024-01-24,904640,11648,0.12,4896,0.05,28739040,23.91,3.6
2024-01-25,904683,17312,0.18,49824,0.53,28796959,23.96,3.54
2024-01-26,904396,11232,0.12,60672,0.65,28831616,23.99,3.52
2024-01-27,904006,6464,0.07,42720,0.46,28847679,24,3.51
2024-01-28,905266,63232,0.68,352,0,28745024,23.92,3.48
2024-01-29,907946,42592,0.46,0,0,28976191,24.11,3.46
2024-01-30,910254,17856,0.19,11744,0.13,28869759,24.02,3.47
2024-01-31,911508,0,0,0,0,29044257,24.17,3.47
2024-02-01,913134,49056,0.52,0,0,29070646,24.19,3.54
2024-02-02,915577,109152,1.13,2528,0.03,29163798,24.27,3.56
2024-02-03,918091,151488,1.5,0,0,29221205,24.31,3.56
2024-02-04,919411,195264,1.94,32,0,29145430,24.25,3.6
2024-02-05,922359,132544,1.31,384,0,29323061,24.4,3.6
2024-02-06,924056,87264,0.87,0,0,29276533,24.36,3.59
2024-02-07,925915,73376,0.73,64,0,29454037,24.51,3.59
2024-02-08,928882,63616,0.63,0,0,29551067,24.59,3.54
2024-02-09,930927,162080,1.61,704,0.01,29634904,24.66,3.56
2024-02-10,932649,145568,1.44,54624,0.54,29737103,24.75,3.62
2024-02-11,933952,215936,2.14,0,0,29784017,24.79,3.66
2024-02-12,936838,225440,2.24,96,0,29871407,24.86,3.68
2024-02-13,939244,159168,1.58,0,0,29901263,24.88,3.72
2024-02-14,941413,208576,2.07,1600,0.02,29964079,24.94,3.77
2024-02-15,943122,260928,2.59,1120,0.01,29982960,24.95,3.77
2024-02-16,944835,284384,2.82,8384,0.08,30114192,25.06,3.73
2024-02-17,946511,279200,2.77,0,0,30082621,25.04,3.68
2024-02-18,949402,279008,2.77,0,0,30070809,25.03,3.6
2024-02-19,952312,219648,2.18,64,0,30400080,25.3,3.58
2024-02-20,954401,182368,1.81,0,0,30443473,25.34,3.57
2024-02-21,957069,141504,1.4,5952,0.06,30512374,25.39,3.5
2024-02-22,958223,129088,1.28,108544,1.08,30561423,25.43,3.5
2024-02-23,958223,72768,0.72,17856,0.18,30567215,25.44,3.51
2024-02-24,960178,64352,0.64,96,0,30637209,25.5,3.48
2024-02-25,962857,9504,0.09,1248,0.01,30726041,25.57,3.5
2024-02-26,964070,11456,0.11,320,0,30729404,25.58,3.48
2024-02-27,964763,0,0,1280,0.01,30813913,25.65,3.47
2024-02-28,967075,78176,0.78,1696,0.02,30860113,25.68,3.48
2024-02-29,968811,106752,1.06,3360,0.03,30180090,25.12,3.49
2024-03-01,970343,98752,0.98,1760,0.02,30957073,25.77,3.52
2024-03-02,972312,87776,0.87,288,0,31057391,25.85,3.51
2024-03-03,974712,96672,0.96,800,0.01,30866865,25.69,3.53
2024-03-04,977537,31456,0.31,32,0,31213744,25.98,3.55
2024-03-05,979067,15136,0.15,2784,0.03,31186513,25.96,3.58
2024-03-06,978738,0,0,3360,0.03,31154679,25.94,3.63
2024-03-07,977864,51232,0.51,53536,0.53,30484083,25.38,3.69
2024-03-08,977429,0,0,1632,0.02,31147440,25.93,3.71
2024-03-09,978522,15104,0.15,6112,0.06,30553586,25.44,3.73
2024-03-10,980030,8928,0.09,320,0,30363702,25.28,3.72
2024-03-11,980386,7552,0.07,0,0,31299568,26.06,3.74
2024-03-12,979768,20640,0.2,73376,0.73,31274576,26.04,3.75
2024-03-13,978696,0,0,8320,0.08,31234159,26.01,3.73
2024-03-14,977887,20608,0.36,1696,0.02,30928482,25.76,3.68
2024-03-15,978690,18368,0.32,1088,0.01,31132897,25.93,3.63
2024-03-16,977574,51488,0.89,12256,0.12,29941347,24.93,3.62
2024-03-17,976230,65344,1.13,1504,0.01,29883492,24.89,3.6
2024-03-18,977346,85216,1.48,1408,0.01,31093355,25.89,3.58
2024-03-19,977080,90912,1.58,9824,0.1,31116234,25.91,3.52
2024-03-20,977339,110720,1.92,512,0.01,31128170,25.92,3.5
2024-03-21,978605,139520,2.42,64,0,31168033,25.96,3.47
2024-03-22,979523,254976,4.43,32,0,31161675,25.95,3.47
2024-03-23,979256,286432,4.97,53376,0.53,31228258,26.01,3.43
2024-03-24,979046,284512,4.94,32,0,29975627,24.97,3.42
2024-03-25,979522,263072,4.57,32,0,31202657,25.99,3.39
2024-03-26,979877,238752,4.14,16352,0.16,31219939,26,3.38
2024-03-27,980104,245504,4.26,416,0,31230565,26.01,3.36
2024-03-28,979750,347136,6.03,32,0,30316873,25.25,3.35
2024-03-29,978843,408096,7.08,13504,0.13,31186778,25.97,3.33
2024-03-30,977847,427968,7.43,32,0,31163866,25.96,3.35
2024-03-31,978119,444480,7.72,96,0,31217657,26,3.35
2024-04-01,979154,458464,7.96,192,0,30969954,25.79,3.36
2024-04-02,978470,436480,7.58,6656,0.07,31184219,25.97,3.37
2024-04-03,977764,454496,7.89,5536,0.05,31161073,25.95,3.39
2024-04-04,978366,457760,7.95,96,0,31208914,25.99,3.41
2024-04-05,979227,502592,8.73,256,0,31208754,25.99,3.45
2024-04-06,979066,484608,8.41,672,0.01,31186192,25.97,3.45
2024-04-07,980157,485216,8.42,32,0,31273456,26.05,3.46
2024-04-08,981110,478720,8.31,160,0,31312499,26.08,3.46
2024-04-09,980062,469344,8.15,4512,0.04,31229233,26.01,3.46
2024-04-10,980836,488448,8.48,672,0.01,31209649,25.99,3.44
2024-04-11,980926,547104,9.5,32,0,31294929,26.06,3.41
2024-04-12,980923,577664,10.03,4448,0.04,31264498,26.04,3.38
2024-04-13,981839,653632,11.35,640,0.01,31170802,25.96,3.36
2024-04-14,982847,651296,11.31,2336,0.02,31298674,26.07,3.37
2024-04-15,983966,637728,11.07,384,0,31216951,26,3.42
2024-04-16,984546,713504,12.39,544,0.01,31403282,26.16,3.41
2024-04-17,984375,689632,11.97,4320,0.04,31274833,26.05,3.41
2024-04-18,985102,684064,11.88,832,0.01,31316688,26.08,3.4
2024-04-19,986337,660128,11.46,32,0,31243985,26.02,3.39
2024-04-20,987587,654368,11.36,384,0,31521040,26.25,3.39
2024-04-21,989159,611680,10.62,32,0,31315856,26.08,3.34
2024-04-22,990567,586624,10.18,160,0,31576208,26.3,3.27
2024-04-23,991820,588480,10.22,256,0,31642960,26.35,3.28
2024-04-24,993323,574464,9.97,96,0,31218097,26,3.26
2024-04-25,994864,542976,9.43,320,0,31778576,26.47,3.32
2024-04-26,995779,547680,9.51,160,0,31641938,26.35,3.34
2024-04-27,996921,515584,8.95,2784,0.03,31793173,26.48,3.34
2024-04-28,998237,488320,8.48,384,0,31820529,26.5,3.34
2024-04-29,999922,461792,8.02,192,0,31885457,26.55,3.34
2024-04-30,1000077,424000,7.36,5792,0.05,31925777,26.59,3.33
2024-05-01,1000704,376960,6.54,160,0,31908723,26.57,3.31
2024-05-02,1001905,331040,5.75,64,0,31980081,26.63,3.24
2024-05-03,1003019,292512,5.08,1184,0.01,32016081,26.66,3.21
2024-05-04,1004510,254720,4.42,352,0,32058449,26.7,3.2
2024-05-05,1006144,219808,3.82,64,0,32095634,26.73,3.2
2024-05-06,1007695,194592,3.38,32,0,32040016,26.68,3.19
2024-05-07,1007919,150688,2.62,1024,0.01,32041008,26.68,3.18
2024-05-08,1009028,119104,2.07,5792,0.05,32151538,26.77,3.17
2024-05-09,1010146,110432,1.92,384,0,31760304,26.45,3.16
2024-05-10,1011382,94752,1.64,64,0,32080081,26.71,3.14
2024-05-11,1012591,58944,1.02,480,0,32319536,26.91,3.13
2024-05-12,1014172,22528,0.39,128,0,32088979,26.72,3.12
2024-05-13,1014915,21888,0.38,32,0,32341293,26.93,3.11
2024-05-14,1014303,5728,0.1,2976,0.03,32298075,26.89,3.1
2024-05-15,1012559,2240,0.04,56032,0.52,32243899,26.85,3.12
2024-05-16,1010063,10080,0.18,26592,0.25,32218651,26.82,3.14
2024-05-17,1007892,1952,0.03,123776,1.15,32141017,26.76,3.16
2024-05-18,1005021,1504,0.03,34560,0.32,32040121,26.67,3.17
2024-05-19,1004505,6272,0.11,224,0,32064379,26.69,3.17
2024-05-20,1004803,20448,0.36,96,0,32061714,26.69,3.18
2024-05-21,1005261,736,0.01,3360,0.03,32091642,26.72,3.18
2024-05-22,1004786,97792,1.7,7200,0.07,32071322,26.7,3.21
2024-05-23,1005386,158944,2.76,800,0.01,32050553,26.68,3.24
2024-05-24,1006309,111968,1.94,544,0.01,32107643,26.73,3.26
2024-05-25,1005687,96096,1.67,32,0,31129598,25.91,3.31
2024-05-26,1007062,46912,0.81,128,0,32154609,26.77,3.33
2024-05-27,1008387,6592,0.11,704,0.01,32008985,26.65,3.35
2024-05-28,1008018,3744,0.06,480,0,32198907,26.8,3.37
2024-05-29,1005880,2880,0.05,1088,0.01,31800386,26.47,3.37
2024-05-30,1006094,121248,2.1,224,0,32091123,26.71,3.38
2024-05-31,1007680,211552,3.67,448,0,32135193,26.75,3.37
2024-06-01,1009129,188416,3.27,384,0,32213212,26.81,3.37
2024-06-02,1010676,206592,3.59,32,0,32197532,26.8,3.39
2024-06-03,1012006,180992,3.14,96,0,32213315,26.81,3.41
2024-06-04,1013601,179680,3.12,32,0,32042967,26.67,3.44
2024-06-05,1015215,167648,2.91,32,0,32433427,27,3.43
2024-06-06,1016264,173344,3.01,4000,0.04,32315538,26.9,3.43
2024-06-07,1016659,176256,3.06,2144,0.02,32444082,27,3.45
2024-06-08,1017454,178080,3.09,960,0.01,32048309,26.67,3.47
2024-06-09,1017698,163232,2.83,320,0,32487636,27.04,3.47
2024-06-10,1019227,131424,2.28,64,0,32188025,26.79,3.46
2024-06-11,1019794,125056,2.17,32,0,31520252,26.23,3.44
2024-06-12,1020557,102464,1.78,4672,0.04,32555091,27.1,3.46
2024-06-13,1021043,134112,2.33,32,0,32558261,27.1,3.46
2024-06-14,1021659,132576,2.3,2400,0.02,32578455,27.11,3.44
2024-06-15,1022241,172448,2.99,352,0,32599991,27.13,3.4
2024-06-16,1023356,159328,2.77,3200,0.03,32648760,27.17,3.37
2024-06-17,1024246,112160,1.95,352,0,32687584,27.2,3.35
2024-06-18,1023589,132736,2.3,1984,0.02,32649355,27.17,3.32
2024-06-19,1024563,110752,1.92,12576,0.12,32673282,27.19,3.3
2024-06-20,1024944,92096,1.6,5248,0.05,32216517,26.81,3.28
2024-06-21,1025619,127456,2.21,19360,0.18,32668001,27.19,3.26
2024-06-22,1025196,118400,2.06,13696,0.13,32690721,27.2,3.25
2024-06-23,1026382,138112,2.4,160,0,32768481,27.27,3.24
2024-06-24,1027741,111136,1.93,928,0.01,32778404,27.28,3.23
2024-06-25,1027422,113440,1.97,1568,0.01,32772300,27.27,3.22
2024-06-26,1027951,100928,1.75,96,0,32819905,27.31,3.21
2024-06-27,1028914,109472,1.9,512,0,32843257,27.33,3.21
2024-06-28,1029720,65248,1.13,128,0,32858233,27.34,3.19
2024-06-29,1030393,123296,2.14,544,0.01,32841755,27.33,3.21
2024-06-30,1029843,85920,1.49,4224,0.04,32883228,27.36,3.21
2024-07-01,1030828,42080,0.73,800,0.01,32375178,26.94,3.2
2024-07-02,1031460,6816,0.12,512,0,32892766,27.37,3.21
2024-07-03,1031456,10464,0.18,16512,0.15,32755069,27.25,3.2
2024-07-04,1031224,16128,0.28,192,0,32927037,27.4,3.2
2024-07-05,1029747,47136,0.82,47776,0.44,32850685,27.33,3.2
2024-07-06,1028144,18336,0.32,4224,0.04,32491425,27.03,3.2
2024-07-07,1028837,384,0.01,768,0.01,32838685,27.32,3.2
2024-07-08,1028136,1920,0.03,480,0,32829534,27.31,3.2
2024-07-09,1027667,9440,0.16,32,0,32821789,27.31,3.19
2024-07-10,1028313,11552,0.2,64,0,32843005,27.32,3.18
2024-07-11,1029197,6592,0.11,384,0,32812224,27.3,3.18
2024-07-12,1029279,44192,0.77,5792,0.05,32834144,27.31,3.17
2024-07-13,1030435,46368,0.8,32,0,32628356,27.14,3.15
2024-07-14,1032157,60736,1.05,256,0,32428074,26.98,3.16
2024-07-15,1033486,18528,0.32,32,0,32961313,27.42,3.18
2024-07-16,1034172,3104,0.05,192,0,32975648,27.43,3.19
2024-07-17,1034501,13920,0.24,288,0,33014624,27.46,3.22
2024-07-18,1035220,37824,0.66,32,0,33032096,27.48,3.24
2024-07-19,1036278,23232,0.4,352,0,32917024,27.38,3.26
2024-07-20,1037967,34432,0.6,192,0,33118465,27.55,3.3
2024-07-21,1039531,111168,1.93,256,0,33154592,27.58,3.31
2024-07-22,1041089,201472,3.5,1312,0.01,32245418,26.82,3.29
2024-07-23,1042427,158272,2.75,32,0,32422351,26.97,3.31
2024-07-24,1044045,157952,2.74,32,0,33340452,27.73,3.3
2024-07-25,1044223,166336,2.89,672,0.01,33350851,27.74,3.26
2024-07-26,1044670,158816,2.76,160,0,33351941,27.74,3.24
2024-07-27,1045674,128064,2.22,64,0,33336709,27.73,3.2
2024-07-28,1046860,147136,2.55,288,0,33399364,27.78,3.19
2024-07-29,1048109,126464,2.2,64,0,33414756,27.79,3.22
2024-07-30,1049699,140992,2.45,64,0,33365093,27.75,3.18
2024-07-31,1050950,147712,2.56,3552,0.03,33561829,27.91,3.17
2024-08-01,1051721,237376,4.12,160,0,33592485,27.94,3.19
2024-08-02,1052209,215776,3.75,480,0,33610735,27.95,3.2
2024-08-03,1053181,221280,3.84,32,0,33603626,27.94,3.22
2024-08-04,1054767,173184,3.01,640,0.01,33683015,28.01,3.23
2024-08-05,1056051,121824,2.12,640,0.01,33718279,28.04,3.19
2024-08-06,1054810,72032,1.25,9664,0.08,33606184,27.95,3.35
2024-08-07,1053789,48672,0.84,9152,0.08,33651367,27.98,3.37
2024-08-08,1053343,15328,0.27,32,0,33554695,27.9,3.36
2024-08-09,1054297,6272,0.11,128,0,33664101,27.99,3.35
2024-08-10,1055453,288,0,128,0,33642152,27.97,3.35
2024-08-11,1056288,2688,0.05,96,0,33696743,28.02,3.36
2024-08-12,1056261,2048,0.04,224,0,33735218,28.05,3.35
2024-08-13,1056360,1120,0.02,32,0,33731242,28.05,3.22
2024-08-14,1057695,18368,0.32,32,0,33763658,28.07,3.21
2024-08-15,1058989,44896,0.78,192,0,33804874,28.11,3.22
2024-08-16,1059509,16032,0.28,160,0,33590451,27.93,3.21
2024-08-17,1060799,83680,1.45,512,0,33864012,28.16,3.19
2024-08-18,1061301,49600,0.86,896,0.01,33850507,28.14,3.16
2024-08-19,1062965,3904,0.07,64,0,33923083,28.2,3.17
2024-08-20,1062104,4576,0.08,32,0,33922891,28.2,3.13
2024-08-21,1062266,38336,0.67,128,0,33896140,28.18,3.12
2024-08-22,1062869,14592,0.25,5088,0.04,33424305,27.79,3.09
2024-08-23,1062819,5344,0.09,10784,0.09,33895117,28.18,3.08
2024-08-24,1060821,8768,0.15,832,0.01,33839757,28.13,3.06
2024-08-25,1061014,1760,0.03,64,0,33851918,28.14,3.06
2024-08-26,1060775,8800,0.15,32,0,33706801,28.02,3.06
2024-08-27,1060154,3296,0.06,960,0.01,33800625,28.1,3.05
2024-08-28,1060865,6080,0.11,3712,0.03,32913236,27.36,3.03
2024-08-29,1061628,56128,0.97,416,0,33740209,28.05,3.04
2024-08-30,1062724,76384,1.33,128,0,33867920,28.15,3.02
2024-08-31,1063851,87360,1.52,352,0,33942639,28.21,3.03
2024-09-01,1065430,64768,1.12,32,0,33976304,28.24,3.02
2024-09-02,1066942,42944,0.75,576,0,34046894,28.3,3
2024-09-03,1068183,4800,0.08,32,0,34104687,28.35,3
2024-09-04,1068943,22080,0.38,32,0,33194099,27.59,3.02
2024-09-05,1069834,34496,0.6,32,0,34153264,28.38,3.03
2024-09-06,1070339,17536,0.3,64,0,34167162,28.4,3.08
2024-09-07,1070477,6432,0.11,1440,0.01,34167417,28.4,3.1
2024-09-08,1070477,1344,0.02,32,0,34137474,28.37,3.15
2024-09-09,1069985,1536,0.03,1376,0.01,34147011,28.38,3.16
2024-09-10,1068920,8480,0.15,1280,0.01,33942585,28.21,3.18
2024-09-11,1068774,576,0.01,288,0,34075609,28.32,3.2
2024-09-12,1068541,47808,0.83,1056,0.01,33987177,28.24,3.21
2024-09-13,1069396,64384,1.12,576,0,34124697,28.36,3.18
2024-09-14,1070353,27936,0.48,1184,0.01,33074056,27.48,3.18
2024-09-15,1071653,81408,1.41,224,0,34200922,28.42,3.16
2024-09-16,1073197,30336,0.53,96,0,34200094,28.42,3.16
2024-09-17,1074424,6688,0.12,64,0,34287275,28.49,3.2
2024-09-18,1074546,1824,0.03,320,0,34290509,28.49,3.19
2024-09-19,1074449,9248,0.16,64,0,34276044,28.48,3.22
2024-09-20,1074322,4288,0.07,416,0,34272559,28.48,3.27
2024-09-21,1074270,2432,0.04,288,0,33495513,27.83,3.3
2024-09-22,1074674,7680,0.13,1888,0.02,34331439,28.52,3.36
2024-09-23,1074733,2304,0.04,320,0,34291599,28.49,3.41
2024-09-24,1073956,8000,0.14,224,0,34305935,28.5,3.43
2024-09-25,1074881,512,0.01,576,0,34350159,28.54,3.48
2024-09-26,1076152,14368,0.25,128,0,34389679,28.57,3.49
2024-09-27,1076934,13664,0.24,576,0,34359919,28.55,3.49
2024-09-28,1076370,20928,0.36,64,0,34374287,28.56,3.51
2024-09-29,1076863,5792,0.1,32,0,33832816,28.11,3.47
2024-09-30,1077097,5696,0.1,384,0,33106674,27.51,3.43
2024-10-01,1077106,16288,0.28,64,0,34403575,28.58,3.39
2024-10-02,1077361,13248,0.23,64,0,34403120,28.58,3.36
2024-10-03,1078153,48480,0.84,32,0,34431764,28.61,3.32
2024-10-04,1077639,29728,0.52,4224,0.04,34425264,28.6,3.29
2024-10-05,1077617,30240,0.52,4256,0.04,34385838,28.57,3.25
2024-10-06,1076967,31904,0.55,256,0,34395119,28.57,3.24
2024-10-07,1077491,10112,0.18,3616,0.03,34385615,28.57,3.27
2024-10-08,1076115,9376,0.16,23200,0.2,34386290,28.57,3.29
2024-10-09,1076185,4320,0.08,2624,0.02,34387616,28.57,3.37
2024-10-10,1075364,2784,0.05,5056,0.04,33277101,27.64,3.41
2024-10-11,1073511,11072,0.19,63328,0.55,34300749,28.49,3.44
2024-10-12,1071856,7456,0.13,96,0,34233933,28.44,3.47
2024-10-13,1072523,8544,0.15,64,0,34225902,28.43,3.49
2024-10-14,1073315,2656,0.05,8000,0.07,34256821,28.46,3.5
2024-10-15,1073350,5696,0.1,1152,0.01,34195470,28.41,3.51
2024-10-16,1073626,20704,0.36,4960,0.04,34303631,28.5,3.43
2024-10-17,1074182,5216,0.09,96,0,34315695,28.51,3.4
2024-10-18,1073639,9856,0.17,5920,0.05,34271919,28.47,3.37
2024-10-19,1072615,20576,0.36,3488,0.03,34262255,28.46,3.34
2024-10-20,1073560,2752,0.05,32,0,33996722,28.24,3.32
2024-10-21,1073194,20384,0.35,704,0.01,34186836,28.4,3.28
2024-10-22,1073374,7168,0.12,8512,0.07,34267761,28.46,3.24
2024-10-23,1073527,43552,0.76,64,0,34293842,28.49,3.21
2024-10-24,1074428,44448,0.77,32,0,34311570,28.5,3.2
2024-10-25,1075441,34112,0.59,384,0,34356370,28.54,3.19
2024-10-26,1076766,28032,0.49,128,0,33559924,27.87,3.17
2024-10-27,1077830,20896,0.36,32,0,34387474,28.56,3.17
2024-10-28,1078655,33344,0.58,5280,0.05,34446932,28.61,3.17
2024-10-29,1077640,15136,0.26,2720,0.02,34366260,28.54,3.16
2024-10-30,1077131,49504,0.86,6368,0.06,34410357,28.58,3.16
2024-10-31,1076695,163680,2.84,5952,0.05,34405940,28.58,3.18
2024-11-01,1077695,157696,2.74,64,0,34435768,28.6,3.18
2024-11-02,1077354,146240,2.54,13728,0.12,34362747,28.54,3.19
2024-11-03,1078559,120544,2.09,1664,0.01,34381595,28.55,3.18
2024-11-04,1079752,74624,1.3,544,0,34448252,28.61,3.19
2024-11-05,1081147,56256,0.98,64,0,33213308,27.58,3.2
2024-11-06,1082421,46944,0.82,576,0,34526171,28.67,3.19
2024-11-07,1082364,20544,0.36,14624,0.13,34553407,28.7,3.2
2024-11-08,1080743,68928,1.2,27392,0.24,34491771,28.64,3.21
2024-11-09,1080610,67936,1.18,1088,0.01,34495902,28.65,3.22
2024-11-10,1082007,44576,0.77,64,0,34569090,28.71,3.24
2024-11-11,1082586,15552,0.27,1760,0.02,34508579,28.66,3.25
2024-11-12,1081533,2976,0.05,5664,0.05,34525116,28.67,3.28
2024-11-13,1080138,10432,0.18,1440,0.01,34507390,28.66,3.34
2024-11-14,1079204,5856,0.1,11328,0.1,34452032,28.61,3.35
2024-11-15,1078693,18336,0.32,64,0,34436320,28.6,3.41
2024-11-16,1077780,2432,0.04,96,0,34442779,28.6,3.41
2024-11-17,1077643,1088,0.02,928,0.01,34430620,28.59,3.42
2024-11-18,1076553,2080,0.04,128,0,34392030,28.56,3.42
2024-11-19,1074382,10112,0.18,32,0,34035228,28.26,3.41
2024-11-20,1073696,2784,0.05,160,0,34304604,28.49,3.37
2024-11-21,1072281,3136,0.05,608,0.01,33944542,28.19,3.35
2024-11-22,1071185,2304,0.04,1664,0.01,34146238,28.35,3.28
2024-11-23,1069321,36352,0.63,41728,0.36,34072924,28.29,3.27
2024-11-24,1068867,126080,2.19,672,0.01,34051710,28.28,3.25
2024-11-25,1070272,122848,2.13,32,0,34168958,28.37,3.24
2024-11-26,1071134,106880,1.86,32,0,34186845,28.39,3.23
2024-11-27,1070705,86496,1.5,192,0,34208861,28.41,3.22
2024-11-28,1070840,55456,0.96,3296,0.03,34196346,28.39,3.2
2024-11-29,1070618,65472,1.14,448,0,34136576,28.34,3.2
2024-11-30,1071930,53600,0.93,640,0.01,34191370,28.39,3.17
2024-12-01,1072785,59744,1.04,96,0,34204361,28.4,3.16
2024-12-02,1074204,51840,0.9,1248,0.01,34273021,28.46,3.14
2024-12-03,1074574,54496,0.95,128,0,34247133,28.44,3.14
2024-12-04,1073267,44608,0.77,32,0,34230905,28.42,3.16
2024-12-05,1073537,41792,0.73,64,0,34207132,28.4,3.18
2024-12-06,1073902,72128,1.25,32,0,34231930,28.42,3.2
2024-12-07,1072955,45216,0.78,57152,0.5,34235580,28.43,3.23
2024-12-08,1071757,31264,0.54,32,0,34179452,28.38,3.23
2024-12-09,1072245,1216,0.02,320,0,34215071,28.41,3.23
2024-12-10,1070810,2400,0.04,3936,0.03,34153243,28.36,3.23
2024-12-11,1068188,320,0.01,74944,0.65,34097854,28.31,3.25
2024-12-12,1065171,5312,0.09,3520,0.03,33969281,28.2,3.22
2024-12-13,1064991,7264,0.13,2304,0.02,33985022,28.22,3.21
2024-12-14,1064531,480,0.01,64,0,33966849,28.2,3.21
2024-12-15,1064823,2880,0.05,480,0,33979521,28.21,3.2
2024-12-16,1064779,2048,0.04,32,0,33951425,28.19,3.2
2024-12-17,1062575,992,0.02,20928,0.18,33907425,28.15,3.2
2024-12-18,1060648,37024,0.64,40672,0.35,33810844,28.07,3.16
2024-12-19,1059187,113632,1.97,96,0,33738044,28.01,3.15
2024-12-20,1059136,101984,1.77,144768,1.26,33805023,28.07,3.15
2024-12-21,1057424,74816,1.3,74016,0.64,33720286,28,3.16
2024-12-22,1055719,40800,0.71,32,0,33661532,27.95,3.16
2024-12-23,1057112,21440,0.37,1216,0.01,33652795,27.94,3.16
2024-12-24,1057917,27616,0.48,5536,0.05,33725594,28,3.16
2024-12-25,1058681,16960,0.29,448,0,33756826,28.02,3.14
2024-12-26,1059097,13408,0.23,128,0,33780027,28.04,3.12
2024-12-27,1059800,46368,0.8,32,0,33847197,28.1,3.09
2024-12-28,1060987,31776,0.55,64,0,33867263,28.11,3.06
2024-12-29,1062215,6784,0.12,128,0,33910274,28.15,3.04
2024-12-30,1062402,7648,0.13,416,0,33907873,28.15,3.04
2024-12-31,1061593,4160,0.07,32,0,33729980,28,3.03
2025-01-01,1060876,68704,1.19,416,0,33849244,28.1,3.05
2025-01-02,1062395,38080,0.66,448,0,33940505,28.17,3.06
2025-01-03,1063343,2464,0.04,640,0.01,33969211,28.2,3.11
2025-01-04,1063336,5888,0.1,128,0,33587351,27.88,3.12
2025-01-05,1063896,256,0,544,0,33925850,28.16,3.13
2025-01-06,1064127,14208,0.25,288,0,33929634,28.16,3.15
2025-01-07,1062913,8800,0.15,28448,0.25,33944418,28.18,3.16
2025-01-08,1061023,2112,0.04,136160,1.18,33878940,28.12,3.16
2025-01-09,1058730,51840,0.9,42048,0.36,33813401,28.07,3.16
2025-01-10,1058072,71296,1.24,544,0,33761627,28.02,3.14
2025-01-11,1059039,89184,1.55,42464,0.37,33566231,27.86,3.14
2025-01-12,1059078,53056,0.92,480,0,33797207,28.05,3.13
2025-01-13,1060580,11232,0.2,480,0,33828474,28.08,3.11
2025-01-14,1059545,1568,0.03,96,0,33587482,27.88,3.1
2025-01-15,1059379,66240,1.15,13696,0.12,33827838,28.08,3.09
2025-01-16,1059447,42560,0.74,32,0,33812029,28.06,3.09
2025-01-17,1060020,3392,0.06,640,0.01,33821851,28.07,3.09
2025-01-18,1058445,2048,0.04,5152,0.04,33793497,28.05,3.08
2025-01-19,1058017,2112,0.04,2656,0.02,33783262,28.04,3.11
2025-01-20,1057356,13664,0.24,448,0,33686813,27.96,3.15
2025-01-21,1056553,128,0,288,0,33735418,28,3.23
2025-01-22,1055082,72672,1.26,50528,0.44,33683928,27.95,3.26
2025-01-23,1053338,40416,0.7,41312,0.36,33610618,27.89,3.27
2025-01-24,1052574,6400,0.11,7136,0.06,33592443,27.88,3.27
2025-01-25,1051654,11360,0.2,32224,0.28,33487483,27.79,3.29
2025-01-26,1051506,28480,0.49,3040,0.03,33472988,27.78,3.27
2025-01-27,1052805,3936,0.07,96,0,33606844,27.89,3.23
2025-01-28,1053350,33056,0.57,384,0,33551393,27.84,3.17
2025-01-29,1054608,65792,1.14,32,0,33624057,27.9,3.13
2025-01-30,1055609,35968,0.62,10976,0.1,33677398,27.95,3.11
2025-01-31,1055186,1536,0.03,2400,0.02,33641913,27.92,3.1
2025-02-01,1054177,10304,0.18,32,0,33637339,27.91,3.07
2025-02-02,1055374,11680,0.2,320,0,33647997,27.92,3.07
2025-02-03,1055541,896,0.02,2144,0.02,33653528,27.92,3.07
2025-02-04,1053265,12384,0.22,31328,0.27,33521210,27.81,3.16
2025-02-05,1051539,16000,0.28,640,0.01,33547707,27.84,3.19
2025-02-06,1051322,23680,0.41,256,0,33108602,27.47,3.2
2025-02-07,1051277,16544,0.29,5408,0.05,33434746,27.74,3.19
2025-02-08,1049692,4704,0.08,1312,0.01,33488667,27.79,3.2
2025-02-09,1049537,3872,0.07,64,0,33468155,27.77,3.2
2025-02-10,1049388,1248,0.02,32,0,33465629,27.77,3.19
2025-02-11,1047462,2112,0.04,4192,0.04,33423389,27.73,3.08
2025-02-12,1046636,25088,0.44,352,0,33367614,27.68,3.06
2025-02-13,1047433,28736,0.5,64,0,33399239,27.71,3.04
2025-02-14,1048758,5600,0.1,32,0,33440674,27.74,3.05
2025-02-15,1049387,11328,0.2,54560,0.47,33446983,27.75,3.04
2025-02-16,1049256,8320,0.14,512,0,33395017,27.7,3.03
2025-02-17,1050369,23936,0.42,32,0,33506527,27.8,3.02
2025-02-18,1050977,13984,0.24,4096,0.04,33519840,27.81,3.02
2025-02-19,1049731,6144,0.11,2112,0.02,33457567,27.75,3.03
2025-02-20,1050565,5568,0.1,64,0,33492147,27.78,3.03
2025-02-21,1050459,26720,0.46,320,0,33533843,27.82,3.01
2025-02-22,1051474,28256,0.49,23616,0.2,33193043,27.53,3.01
2025-02-23,1050326,9120,0.16,64,0,33527540,27.81,3.03
2025-02-24,1051442,3712,0.06,96,0,33557396,27.83,3.04
2025-02-25,1051381,14048,0.24,2720,0.02,33582490,27.85,3.04
2025-02-26,1050874,17696,0.31,1376,0.01,33530774,27.81,3.05
2025-02-27,1051623,352,0.01,1536,0.01,33461402,27.75,3.05
2025-02-28,1051354,8064,0.14,608,0.01,33574838,27.85,3.07
2025-03-01,1049985,992,0.02,32,0,33336503,27.65,3.1
2025-03-02,1050459,2464,0.04,128,0,32824312,27.22,3.09
2025-03-03,1049947,2496,0.04,2016,0.02,33505305,27.79,3.08
2025-03-04,1050002,384,0.01,544,0,33495580,27.78,3.12
2025-03-05,1049801,32384,0.56,544,0,33477048,27.76,3.12
2025-03-06,1050354,122592,2.13,32,0,33512027,27.79,3.14
2025-03-07,1049736,106400,1.85,7136,0.06,33495643,27.78,3.13
2025-03-08,1049828,113152,1.96,1504,0.01,33483706,27.77,3.11
2025-03-09,1051247,78656,1.37,32,0,33392980,27.69,3.12
2025-03-10,1052087,45472,0.79,832,0.01,33555059,27.82,3.12
2025-03-11,1052793,11328,0.2,128,0,33624882,27.88,3.09
2025-03-12,1053232,27552,0.48,3520,0.03,33621238,27.88,3.09
2025-03-13,1051776,17088,0.3,8256,0.07,33484247,27.76,3.12
2025-03-14,1051924,11840,0.21,128,0,32898453,27.28,3.12
2025-03-15,1052778,48224,0.84,576,0,33494580,27.77,3.11
2025-03-16,1053968,14816,0.26,32,0,33661267,27.91,3.1
2025-03-17,1054047,2208,0.04,7296,0.06,33594259,27.85,3.09
2025-03-18,1053904,18752,0.33,192,0,33395508,27.69,3.08
2025-03-19,1055086,31392,0.55,160,0,33661591,27.91,3.03
2025-03-20,1054527,101600,1.76,19104,0.17,33615481,27.87,2.98
2025-03-21,1055150,103360,1.79,128,0,33676383,27.92,2.99
2025-03-22,1055941,131552,2.28,32,0,33728438,27.96,2.99
2025-03-23,1057503,143840,2.5,352,0,33786457,28.01,2.99
2025-03-24,1059057,124064,2.15,96,0,33822105,28.04,2.99
2025-03-25,1060449,145632,2.53,224,0,33886393,28.09,2.98
2025-03-26,1060728,160256,2.78,832,0.01,33882838,28.09,2.98
2025-03-27,1061904,208448,3.62,32,0,33885428,28.09,2.98
2025-03-28,1063538,176000,3.06,608,0.01,33952697,28.14,2.97
2025-03-29,1064636,197632,3.43,96,0,33755321,27.98,2.97
2025-03-30,1066351,170560,2.96,160,0,34020122,28.2,2.97
2025-03-31,1067650,136736,2.37,2304,0.02,34069399,28.24,2.98
2025-04-01,1067070,99616,1.73,80032,0.69,34067994,28.24,2.98
2025-04-02,1065664,84736,1.47,384,0,34010968,28.19,3
2025-04-03,1066818,81152,1.41,256,0,34069915,28.24,3.01
2025-04-04,1068022,93088,1.62,160,0,34076347,28.24,3.03
2025-04-05,1069234,49504,0.86,32,0,34159322,28.31,3.03
2025-04-06,1070818,25312,0.44,32,0,34165558,28.31,3.03
2025-04-07,1070940,4128,0.07,74208,0.64,34149241,28.3,3.03
2025-04-08,1068367,4064,0.07,88800,0.77,34087315,28.25,3.1
2025-04-09,1065861,17568,0.3,55328,0.48,34038099,28.21,3.12
2025-04-10,1063659,10112,0.18,576,0,33979348,28.16,3.13
2025-04-11,1063668,120416,2.09,3136,0.03,33965844,28.15,3.16
2025-04-12,1064510,131904,2.29,512,0,34000787,28.17,3.19
2025-04-13,1065795,86976,1.51,128,0,34043380,28.21,3.2
2025-04-14,1065873,48736,0.85,111712,0.97,34053236,28.22,3.22
2025-04-15,1064081,4672,0.08,16000,0.14,34000021,28.17,3.17
2025-04-16,1062355,6624,0.12,832,0.01,33932787,28.12,3.14
2025-04-17,1062878,4096,0.07,4704,0.04,33829811,28.03,3.12
2025-04-18,1063548,101056,1.75,576,0,33943186,28.12,3.08
2025-04-19,1064820,70464,1.22,41952,0.36,34014417,28.18,3.05
2025-04-20,1064824,42976,0.75,640,0.01,33923216,28.11,3.03
2025-04-21,1066351,3296,0.06,32,0,34019889,28.19,3.01
2025-04-22,1065708,1568,0.03,64,0,33965938,28.14,2.98
2025-04-23,1064427,74976,1.3,64,0,33939124,28.12,2.98
2025-04-24,1065082,81632,1.42,896,0.01,33957968,28.13,2.99
2025-04-25,1065495,54368,0.94,7808,0.07,34000885,28.17,3.01
2025-04-26,1066316,21504,0.37,192,0,34070097,28.22,3.02
2025-04-27,1067322,1728,0.03,1952,0.02,34060054,28.22,3.03
2025-04-28,1067101,4256,0.07,576,0,34086065,28.24,3.04
2025-04-29,1067338,9952,0.17,32,0,33937525,28.11,3.04
2025-04-30,1067628,4160,0.07,1152,0.01,34044053,28.2,3.04
2025-05-01,1067726,12480,0.22,32,0,34076310,28.23,3.01
2025-05-02,1067280,38560,0.67,2656,0.02,34083222,28.23,3
2025-05-03,1067721,13568,0.24,416,0,34101622,28.25,2.97
2025-05-04,1067673,4096,0.07,32,0,34097558,28.24,2.97
2025-05-05,1067680,320,0.01,192,0,34069558,28.22,2.96
2025-05-07,1068648,2879,0.05,2,0,34104214,28.25,2.95
2025-05-08,1068900,430,0.01,21,0,33485833,27.73,2.95
2025-05-09,1069132,2016,0.04,275,0,33910280,28.09,2.95
2025-05-10,1067619,3261,0.06,6327,0.11,33851732,28.05,2.95
2025-05-11,1066539,1697,0.03,7019,0.12,33981350,28.15,2.95
2025-05-12,1065381,1503,0.03,7364,0.13,33900162,28.09,2.95
2025-05-13,1064515,4031,0.07,11509,0.2,34020159,28.19,2.95
2025-05-14,1063422,3206,0.06,10586,0.18,33999993,28.19,3.16
2025-05-15,1062142,2694,0.05,9790,0.17,33833217,28.05,3.17
2025-05-16,1060520,2574,0.04,8325,0.14,34022097,28.2,3.19
2025-05-17,1059372,3253,0.06,7642,0.13,34019187,28.19,3.16
2025-05-18,1057835,2655,0.05,6667,0.12,33971790,28.15,3.06
2025-05-19,1056667,1529,0.03,4885,0.08,34028882,28.19,3.06
2025-05-20,1056238,1296,0.02,4326,0.08,33994043,28.16,3.02
2025-05-21,1055778,1285,0.02,3076,0.05,34024180,28.18,2.98
2025-05-22,1054881,105446,1.83,88898,1.54,34011280,28.18,2.99
2025-05-23,1054785,106702,1.85,74786,1.3,34037235,28.2,2.99
2025-05-24,1053782,113009,1.96,55882,0.97,33984338,28.16,2.99
2025-05-25,1052828,78321,1.36,13216,0.23,33949079,28.1,2.99
2025-05-26,1052965,32216,0.56,0,0,33931968,28.09,2.99
2025-05-27,1053045,12742,0.22,32,0,34051065,28.19,3.05
2025-05-28,1054105,35999,0.62,64,0,34109808,28.24,3.04
2025-05-29,1054486,81417,1.41,544,0.01,34118524,28.25,3.05
2025-05-30,1055050,83252,1.45,7552,0.13,34136168,28.26,3.05
2025-05-31,1055352,98151,1.7,1632,0.03,34178940,28.3,3.05
2025-06-01,1056427,124443,2.16,128,0,34145402,28.27,3.05
2025-06-02,1057525,117982,2.05,0,0,34270999,28.37,3.01
2025-06-03,1058741,281492,4.89,416,0.01,34292520,28.39,3.05
2025-06-04,1059995,306438,5.32,288,0,33785007,27.97,3.06
2025-06-05,1060736,351013,6.09,128,0,34359312,28.44,3.04
2025-06-06,1061689,344480,5.98,0,0,34418680,28.49,3.05
2025-06-07,1062978,308455,5.36,0,0,34453943,28.52,3.05
2025-06-08,1064538,327581,5.69,0,0,34523234,28.58,3.05
2025-06-09,1065806,300233,5.21,448,0.01,34380038,28.46,3.05
2025-06-10,1067000,311956,5.42,32,0,34598180,28.64,3.04
2025-06-11,1066810,319946,5.55,25600,0.44,34605004,28.64,3.05
2025-06-12,1065673,340220,5.91,11200,0.19,34587882,28.63,3.06
2025-06-13,1066386,306417,5.32,0,0,34155626,28.27,3.07
2025-06-14,1067452,379774,6.59,480,0.01,34643968,28.67,3.07
2025-06-15,1069014,397647,6.9,224,0,34667372,28.69,3.08
2025-06-16,1070234,355397,6.17,0,0,34722935,28.74,3.04
2025-06-17,1070875,433667,7.53,128,0,34731373,28.74,3.04
2025-06-18,1072085,449605,7.81,32,0,34746005,28.75,3.02
2025-06-19,1073317,432862,7.51,0,0,33752579,27.93,3
2025-06-20,1074851,409214,7.1,0,0,34878004,28.86,2.99
2025-06-21,1075886,400608,6.96,32,0,34791427,28.79,2.97
2025-06-22,1077428,456721,7.93,0,0,34976740,28.94,2.95
2025-06-23,1077372,444477,7.72,12576,0.22,34988424,28.95,3
2025-06-24,1078371,441489,7.66,32,0,35020933,28.98,3.03
2025-06-25,1079672,413652,7.18,224,0,35068348,29.02,3.05
2025-06-26,1080998,375577,6.52,160,0,35107838,29.05,3.06
2025-06-27,1081442,333719,5.79,20817,0.36,34049577,28.17,3.06
2025-06-28,1082278,292779,5.08,352,0.01,35146991,29.08,3.09
2025-06-29,1083579,267871,4.65,0,0,35004771,28.96,3.05
2025-06-30,1084912,247652,4.3,800,0.01,35235756,29.15,3.03
2025-07-01,1085537,220080,3.82,704,0.01,35287479,29.2,3
2025-07-02,1086276,223212,3.88,448,0.01,35331080,29.23,2.98
2025-07-03,1087435,206990,3.59,3392,0.06,35361061,29.26,2.97
2025-07-04,1087863,182722,3.17,3961,0.07,35398189,29.29,2.96
2025-07-05,1088258,213754,3.71,47584,0.83,35354066,29.25,2.93
2025-07-06,1088365,176999,3.07,0,0,35403596,29.29,2.95
2025-07-07,1090003,146174,2.54,460,0.01,35463349,29.34,2.95
2025-07-08,1090959,264023,4.58,0,0,35503066,29.37,2.95
2025-07-09,1091937,333216,5.78,512,0.01,35530752,29.39,2.95
2025-07-10,1092907,389619,6.76,896,0.02,35559179,29.41,2.95
2025-07-11,1093574,395909,6.87,4672,0.08,35597499,29.45,2.95
2025-07-12,1093690,416492,7.23,768,0.01,35510873,29.37,2.99
2025-07-13,1094830,396037,6.88,448,0.01,35592967,29.44,2.99
2025-07-14,1095248,354270,6.15,2784,0.05,35638519,29.48,2.99
2025-07-15,1095918,399760,6.94,0,0,35666293,29.5,3
2025-07-16,1096041,409503,7.11,1920,0.03,35670054,29.5,3
2025-07-17,1096339,435083,7.55,55232,0.96,35710672,29.54,3.02
2025-07-18,1096333,415202,7.21,93248,1.62,35700007,29.53,3.03
2025-07-19,1096018,433544,7.53,255584,4.44,35654591,29.49,3.02
2025-07-20,1095909,404528,7.02,295427,5.13,35702334,29.53,3.02
2025-07-21,1095312,365941,6.35,354820,6.16,35541691,29.39,3.03
2025-07-22,1093929,389431,6.76,475708,8.26,35544351,29.4,3.03
2025-07-23,1093671,359557,6.24,521252,9.05,35670181,29.5,3.02
2025-07-24,1093495,326858,5.67,640874,11.13,35507181,29.36,3.01
2025-07-25,1093151,308713,5.36,688346,11.95,34516947,28.54,3.01
2025-07-26,1093054,264648,4.59,743989,12.92,35559700,29.41,2.97
2025-07-27,1092675,227141,3.94,699834,12.15,35637673,29.47,2.96
2025-07-28,1091931,257943,4.48,655033,11.37,35618998,29.45,2.95
2025-07-29,1090985,263067,4.57,668856,11.61,35327787,29.21,2.93
2025-07-30,1090400,243480,4.23,671129,11.65,35674160,29.5,2.92
2025-07-31,1089756,220834,3.83,623989,10.83,35669050,29.49,2.92
2025-08-01,1089699,197248,3.42,595894,10.35,35298992,29.19,2.9
2025-08-02,1088883,180008,3.13,610072,10.59,35650267,29.48,2.91
2025-08-03,1088054,131067,2.28,565364,9.82,35653747,29.48,2.91
2025-08-04,1087820,149659,2.6,521752,9.06,35648761,29.47,2.92
2025-08-05,1087708,125718,2.18,488686,8.48,35395055,29.26,2.92
2025-08-06,1087694,104877,1.82,453232,7.87,35662292,29.48,2.91
2025-08-07,1087468,68191,1.18,417461,7.25,35433180,29.29,2.9
2025-08-08,1086738,37956,0.66,450325,7.82,35668290,29.49,2.89
2025-08-09,1086504,48968,0.85,466575,8.1,35673281,29.49,2.89
2025-08-10,1086469,4386,0.08,479898,8.33,35676537,29.49,2.9
2025-08-11,1085589,19684,0.34,454489,7.89,35648010,29.47,2.9
2025-08-12,1085501,11704,0.2,507689,8.81,35642423,29.46,2.9
2025-08-13,1085476,66256,1.15,567700,9.86,34538423,28.55,2.92
2025-08-14,1085419,105618,1.83,671093,11.65,35651220,29.47,2.94
2025-08-15,1085281,324542,5.63,767536,13.33,35611363,29.44,2.95
2025-08-16,1085239,344782,5.99,873682,15.17,35627399,29.45,2.96
2025-08-17,1084905,295808,5.14,893599,15.51,35631192,29.45,2.96
2025-08-18,1083177,254122,4.41,868125,15.07,35638240,29.46,2.95
2025-08-19,1082575,268217,4.66,910461,15.81,35635302,29.45,2.95
2025-08-20,1082418,250368,4.35,916647,15.91,35607347,29.43,2.96
2025-08-21,1082424,213383,3.7,888854,15.43,35631659,29.45,2.93
2025-08-22,1082464,214150,3.72,841457,14.61,35631681,29.45,2.92
2025-08-23,1082404,198202,3.44,855534,14.85,35242728,29.13,2.92
2025-08-24,1082377,152625,2.65,880281,15.28,35611906,29.43,2.93
2025-08-25,1082261,404500,7.02,846142,14.69,35596433,29.42,2.93
2025-08-26,1082009,627133,10.89,906306,15.73,35603436,29.42,2.94
2025-08-27,1081351,591707,10.27,986824,17.13,35637187,29.45,2.92
2025-08-28,1079596,753832,13.09,1029562,17.87,35541117,29.37,2.93
2025-08-29,1077753,735126,12.76,1058531,18.38,35623407,29.44,2.93
2025-08-30,1075993,753680,13.08,1022817,17.76,35647693,29.46,2.92
2025-08-31,1073188,787255,13.67,981762,17.04,35605950,29.42,2.89
2025-09-01,1072155,735678,12.77,927926,16.11,35633044,29.44,2.93
2025-09-02,1070628,860369,14.94,881687,15.31,35629476,29.44,2.88
2025-09-03,1068887,817213,14.19,851831,14.79,35644433,29.45,2.9
2025-09-04,1067030,793457,13.78,831053,14.43,35637001,29.45,2.9
2025-09-05,1065279,959717,16.66,821293,14.26,35581009,29.4,2.89
2025-09-06,1063840,919910,15.97,769773,13.36,35636157,29.44,2.89
2025-09-07,1062777,873335,15.16,716715,12.44,35642547,29.45,2.9
2025-09-08,1060983,828204,14.38,662566,11.5,35651103,29.45,2.85
2025-09-09,1059453,787085,13.66,616898,10.71,35639350,29.44,2.89
2025-09-10,1057728,823057,14.29,1055761,18.33,35513700,29.34,2.86
2025-09-11,1057482,781620,13.57,2650032,46.01,35617027,29.42,2.85
2025-09-12,1057408,734424,12.75,2660897,46.2,35621324,29.43,2.84
2025-09-13,1055992,701658,12.18,2673349,46.41,35581283,29.39,2.84
2025-09-14,1054699,651845,11.32,2639030,45.82,35610888,29.42,2.84
2025-09-15,1052931,597701,10.38,2614325,45.39,35605514,29.41,2.84
2025-09-16,1051111,550711,9.56,2576847,44.74,35564786,29.38,2.84
2025-09-17,1049830,512755,8.9,2539275,44.08,35490415,29.32,2.84
2025-09-18,1049420,462882,8.04,2494285,43.3,35626031,29.43,2.85
2025-09-19,1047850,417025,7.24,2470641,42.89,35636969,29.44,2.87
2025-09-20,1046266,375967,6.53,2469791,42.88,35575678,29.38,2.87
2025-09-21,1044493,331270,5.75,2421827,42.05,35610860,29.41,2.86
2025-09-22,1043162,349606,6.07,2369257,41.13,35550478,29.36,2.86
2025-09-23,1042236,304941,5.29,2324265,40.35,35610404,29.41,2.87
2025-09-24,1042125,272462,4.73,2294883,39.84,35575836,29.38,2.87
2025-09-25,1041651,277932,4.83,2246598,39,35619093,29.42,2.87
2025-09-26,1041332,238004,4.13,2212715,38.42,35615848,29.41,2.86
2025-09-27,1041035,231945,4.03,2190679,38.03,35624445,29.42,2.87
2025-09-28,1039306,182869,3.17,2139964,37.15,35623010,29.42,2.87
2025-09-29,1038987,211268,3.67,2091792,36.32,35647031,29.44,2.87
2025-09-30,1038703,219171,3.81,2073172,35.99,35617141,29.41,2.87
2025-10-01,1038387,198313,3.44,2032710,35.29,35598205,29.4,2.88
2025-10-02,1038255,191159,3.32,2009533,34.89,35642968,29.43,2.88
2025-10-03,1038000,189235,3.29,1985788,34.48,35635616,29.43,2.88
2025-10-04,1037465,200507,3.48,1991984,34.58,35616849,29.41,2.87
2025-10-05,1036778,155144,2.69,2488999,43.21,35596214,29.39,2.87
2025-10-06,1036273,110788,1.92,2443002,42.41,35586203,29.38,2.87
2025-10-07,1036017,181944,3.16,2426439,42.13,35325957,29.17,2.86
2025-10-08,1035782,485377,8.43,2424509,42.09,35612475,29.4,2.85
2025-10-09,1035321,1377477,23.91,2422657,42.06,35598102,29.39,2.86
2025-10-10,1033335,1356688,23.55,2389032,41.48,35568566,29.37,2.85
2025-10-11,1032482,1386514,24.07,2357676,40.93,35606443,29.4,2.85
2025-10-12,1031038,1363678,23.67,2338897,40.61,35582125,29.38,3
2025-10-13,1029487,1359133,23.6,2346651,40.74,35542136,29.34,3.01
2025-10-14,1027710,1365404,23.7,2318384,40.25,35614608,29.4,3.03
2025-10-15,1026023,1346970,23.38,2303642,39.99,35603625,29.39,3.03
2025-10-16,1023521,1334056,23.16,2319522,40.27,35488664,29.3,3.05
2025-10-17,1022837,1387435,24.09,2339137,40.61,35419966,29.24,3.08
2025-10-18,1021801,1376327,23.89,2381640,41.35,35625002,29.41,3.05
2025-10-19,1020063,1330919,23.11,2334987,40.54,35612429,29.4,2.9
2025-10-20,1018255,1277619,22.18,2285789,39.68,35593759,29.38,2.89
2025-10-21,1016434,1260462,21.88,2249446,39.05,35621974,29.4,2.87
2025-10-22,1014600,1244900,21.61,2201055,38.21,35620501,29.4,2.87
2025-10-23,1013179,1253415,21.76,2224981,38.63,35345295,29.17,2.85
2025-10-24,1011284,1230210,21.36,2209441,38.36,35615407,29.4,2.81
2025-10-25,1009676,1309885,22.74,2167402,37.63,35572651,29.36,2.84
2025-10-26,1007945,1271501,22.07,2458219,42.68,35573484,29.36,2.84
2025-10-27,1006188,1229616,21.35,2411633,41.87,35624960,29.4,2.84
2025-10-28,1004644,1217662,21.14,2422779,42.06,35636407,29.41,2.85
2025-10-29,1002971,1232461,21.4,2468328,42.85,35442597,29.25,2.85
2025-10-30,1001237,1339644,23.26,2549599,44.26,35616908,29.39,2.85
2025-10-31,999594,1458599,25.32,2498850,43.38,35616799,29.39,2.87
2025-11-01,998227,1544819,26.82,2453310,42.59,35575318,29.36,2.87
2025-11-02,997125,1527976,26.53,2424419,42.09,35638861,29.41,2.86
2025-11-03,997228,1487997,25.83,2371268,41.17,35633918,29.41,2.86
2025-11-04,996902,1466316,25.46,2330778,40.46,35606214,29.38,2.86
2025-11-05,996740,1429341,24.81,2311211,40.13,35596483,29.37,2.88
2025-11-06,996418,1441765,25.03,2266957,39.36,35605222,29.38,2.92
2025-11-07,995949,1486403,25.81,2265727,39.34,35610849,29.38,2.91
2025-11-08,995582,1448444,25.15,2267825,39.37,35545452,29.33,2.94
2025-11-09,997120,1396725,24.25,2217363,38.5,35599622,29.37,2.94
2025-11-10,997865,1343566,23.33,2199090,38.18,35615373,29.39,2.94
2025-11-11,999313,1294847,22.48,2156606,37.44,35546396,29.33,2.94
2025-11-12,1000835,1279238,22.21,2113342,36.69,35541745,29.32,2.93
2025-11-13,1001931,1250810,21.72,2143735,37.22,35625229,29.39,2.89
2025-11-14,1001822,1226318,21.29,2082042,36.15,35596821,29.37,2.89
2025-11-15,1002925,1201286,20.86,2037442,35.37,34546269,28.5,2.92
2025-11-16,1004573,1163725,20.2,1986800,34.49,35517663,29.3,2.88
2025-11-17,1005479,1125256,19.54,1939074,33.66,35134596,28.99,2.88
2025-11-18,1005669,1105103,19.19,1917596,33.29,35593418,29.36,2.88
2025-11-19,1004987,1130944,19.63,1885218,32.73,35601701,29.37,2.89
2025-11-20,1003586,1105066,19.19,1850308,32.12,35590390,29.36,2.93
2025-11-21,1001809,1064239,18.48,1810243,31.43,35602854,29.37,2.93
2025-11-22,1000499,1030740,17.89,1771326,30.75,35559590,29.33,2.87
2025-11-23,1000091,1006345,17.47,1727836,30,35544977,29.32,2.91
2025-11-24,1000083,962991,16.72,1684322,29.24,35566781,29.34,2.92
2025-11-25,1000052,916704,15.92,1642461,28.51,35573065,29.34,2.91
2025-11-26,999170,890573,15.46,1718363,29.83,35353909,29.16,2.89
2025-11-27,998756,846418,14.69,1680959,29.18,35578993,29.35,2.85
2025-11-28,998061,823155,14.29,1635446,28.39,35593334,29.36,2.88
2025-11-29,997830,781997,13.58,1590441,27.61,35511913,29.29,2.85
2025-11-30,996571,740825,12.86,1551422,26.93,35511757,29.29,2.84
2025-12-01,996353,688738,11.96,1494750,25.95,35549426,29.32,2.88
2025-12-02,995060,680185,11.81,1450708,25.19,35551350,29.32,2.84
2025-12-03,995213,679092,11.79,1398378,24.28,35549382,29.32,2.84
2025-12-04,996043,640533,11.12,1375378,23.88,34815275,28.71,2.84
2025-12-05,996997,598108,10.38,1329400,23.08,35064983,28.92,2.8
2025-12-06,997943,610570,10.6,1283615,22.28,35386448,29.18,2.78
2025-12-07,998711,593360,10.3,1237726,21.49,35393962,29.19,2.77
2025-12-08,998849,557947,9.69,1185072,20.57,35123568,28.96,2.72
2025-12-09,997713,539450,9.37,1145737,19.89,35448271,29.23,2.76
2025-12-10,997304,552460,9.59,1102677,19.14,34974955,28.84,2.75
2025-12-11,996837,548200,9.52,1073923,18.64,35315779,29.12,2.75
2025-12-15,993930,531713,9.23,857056,14.88,35487540,29.26,2.82
2025-12-16,993355,523468,9.09,838850,14.56,35496954,29.27,2.82
2025-12-17,993747,485307,8.43,793849,13.78,35523311,29.29,2.82
2025-12-18,993986,448483,7.79,760083,13.2,35500698,29.27,2.82
2025-12-19,994111,485517,8.43,716310,12.44,35502690,29.27,2.83
2025-12-20,994294,542216,9.41,724002,12.57,35522226,29.28,2.85
2025-12-21,993541,507060,8.8,709916,12.32,35516145,29.28,2.85
2025-12-22,992900,471217,8.18,656333,11.39,35504393,29.27,2.85
2025-12-23,992150,449854,7.81,603047,10.47,35526118,29.29,2.85
2025-12-24,990652,433648,7.53,559607,9.72,35506687,29.27,2.85
2025-12-25,989117,456508,7.93,510309,8.86,35518715,29.28,2.84
2025-12-26,988609,435066,7.55,513774,8.92,35517240,29.28,2.84
2025-12-27,986980,469408,8.15,459340,7.97,35541714,29.3,3.12
2025-12-28,985346,690968,12,410938,7.13,35550421,29.3,2.83
2025-12-29,983786,745619,12.94,360518,6.26,35524542,29.28,2.83
2025-12-30,983144,793443,13.78,317115,5.51,35533637,29.29,2.83
2025-12-31,982550,890134,15.45,267149,4.64,35567591,29.31,2.85
2026-01-01,981255,901446,15.65,223083,3.87,35555714,29.3,2.83
2026-01-02,980625,904051,15.7,172896,3,35556688,29.3,2.83
2026-01-03,979534,986811,17.13,124113,2.15,35565595,29.31,2.54
2026-01-04,977730,1002722,17.41,69631,1.21,35541086,29.29,2.83
2026-01-05,975912,1087571,18.88,15424,0.27,35504971,29.26,2.84
2026-01-06,975231,1304355,22.65,0,0,35604366,29.34,2.84
2026-01-07,973884,1420540,24.66,13248,0.23,35588172,29.33,2.82
2026-01-08,973340,1469257,25.51,0,0,35654446,29.38,2.85
2026-01-09,973093,1776102,30.84,96,0,35712757,29.43,2.85
2026-01-10,974480,1758910,30.54,0,0,35751305,29.46,2.85
2026-01-11,975922,1823501,31.66,192,0,35800641,29.5,2.85
2026-01-12,977270,1903004,33.04,52969,0.92,35845080,29.54,2.86
2026-01-13,976512,2170452,37.68,11063,0.19,35731672,29.44,2.83
2026-01-14,976258,2346071,40.73,32,0,35891577,29.57,2.83
2026-01-15,975897,2556764,44.39,0,0,35942614,29.61,2.83
2026-01-16,976099,2546815,44.22,5440,0.09,35956427,29.62,2.82
2026-01-17,976495,2575289,44.71,96,0,35975121,29.64,2.82
2026-01-18,977736,2601593,45.17,64,0,36020054,29.68,2.81
2026-01-19,978672,2582115,44.83,0,0,36106436,29.75,2.8
2026-01-20,978564,2738050,47.54,96,0,36155077,29.79,2.83
2026-01-21,977402,2803056,48.66,41595,0.72,36161087,29.79,2.83
2026-01-22,976253,2814176,48.86,0,0,36177715,29.8,2.83
2026-01-23,976071,3051197,52.97,32,0,36231849,29.85,2.83
2026-01-24,976121,3126593,54.28,2784,0.05,36273616,29.88,2.83
2026-01-25,976617,3094769,53.73,64,0,36315049,29.91,2.83
2026-01-26,976458,3128174,54.31,1696,0.03,36341429,29.94,2.83
2026-01-27,976202,3342972,58.04,640,0.01,35385250,29.15,2.83
2026-01-28,975876,3348523,58.13,0,0,36478843,30.05,2.83
2026-01-29,975168,3668369,63.69,44448,0.77,36498298,30.06,2.83
2026-01-30,974441,4072327,70.7,64,0,36495448,30.06,2.82
2026-01-31,975477,4044279,70.21,2480,0.04,35400605,29.16,2.83
2026-02-01,976244,4037229,70.09,1952,0.03,36518841,30.08,2.84
2026-02-02,976416,4089036,70.99,32,0,36632841,30.17,2.88
2026-02-03,974959,4080985,70.85,32581,0.57,36611567,30.15,2.91
2026-02-04,973558,4077233,70.79,0,0,36657532,30.19,2.92
2026-02-05,973031,4040667,70.15,3840,0.07,36644855,30.18,2.93
2026-02-06,971544,4042053,70.17,19754,0.34,36671493,30.2,2.99
2026-02-07,970158,4064734,70.57,37416,0.65,36690044,30.21,3.12
2026-02-08,968495,4022856,69.84,4160,0.07,35852940,29.52,3.12
2026-02-09,968520,3979850,69.09,0,0,36647218,30.18,3.1
2026-02-10,969515,3961380,68.77,4992,0.09,36724144,30.24,3.06
2026-02-11,969040,4069436,70.65,7202,0.13,36742864,30.26,3.06
2026-02-12,968205,4112458,71.4,48608,0.84,36761904,30.27,3.04
2026-02-13,966667,4086721,70.95,5160,0.09,36770430,30.28,3.01
2026-02-14,966357,4055930,70.42,63320,1.1,36785750,30.29,2.88
2026-02-15,966986,4012397,69.66,9535,0.17,36812208,30.31,2.86
2026-02-16,966804,3970135,68.93,0,0,36846407,30.34,2.85
2026-02-17,966698,3928767,68.21,0,0,36898414,30.38,2.85
2026-02-18,966134,3883557,67.42,6112,0.11,36893558,30.38,2.84
2026-02-19,964597,3846518,66.78,2016,0.04,36815610,30.31,2.85
2026-02-20,964784,3808116,66.11,32,0,36967163,30.43,2.82
2026-02-21,964564,3782767,65.67,160,0,37006148,30.47,2.82
2026-02-22,964799,3735728,64.86,1472,0.03,36870861,30.35,2.82
2026-02-23,964792,3687050,64.01,64,0,37131456,30.57,2.82
2026-02-25,963351,3637548,63.15,38784,0.67,37134991,30.57,2.81
2026-02-26,962510,3621969,62.88,135179,2.35,36218479,29.81,2.81
2026-02-27,960793,3574255,62.05,76611,1.33,37083684,30.53,2.82
2026-02-28,958519,3537221,61.41,19845,0.34,37043995,30.49,2.82
2026-03-01,957112,3487349,60.54,0,0,37087078,30.53,2.83
2026-03-02,957803,3437890,59.69,256,0,37147554,30.58,2.84
2026-03-03,957128,3409776,59.2,42144,0.73,37212639,30.63,2.84
2026-03-04,955547,3364158,58.41,45984,0.8,37189251,30.61,2.85
2026-03-05,955456,3338488,57.96,1344,0.02,37221855,30.64,2.86
2026-03-06,954249,3292261,57.16,55216,0.96,37152379,30.58,2.86
2026-03-07,952466,3297200,57.24,60288,1.05,37237379,30.65,2.85
2026-03-08,949941,3257849,56.56,52256,0.91,37300926,30.7,2.84
2026-03-09,948507,3206607,55.67,51872,0.9,37367377,30.75,2.83
2026-03-10,947582,3209880,55.73,28992,0.5,37377604,30.76,2.82
2026-03-11,947981,3178498,55.18,0,0,37303508,30.7,2.81
2026-03-12,949098,3139595,54.51,0,0,37583495,30.93,2.79
2026-03-13,949688,3101411,53.84,16672,0.29,37540033,30.89,2.78
2026-03-14,949284,3133358,54.4,4544,0.08,37652356,30.98,2.79
2026-03-15,948793,3083412,53.53,384,0.01,37710776,31.03,2.79
2026-03-16,948966,3034412,52.68,896,0.02,37226482,30.63,2.79
2026-03-17,948234,3044535,52.86,35392,0.61,37777545,31.08,2.79
2026-03-18,947486,3040010,52.78,63296,1.1,37758079,31.07,2.79
2026-03-19,945552,3045040,52.87,67905,1.18,37782507,31.09,2.78
2026-03-20,944229,3010942,52.27,0,0,37821849,31.12,2.78
2026-03-21,943502,3078101,53.44,38944,0.68,37922168,31.2,2.76
2026-03-22,942257,3029974,52.6,448,0.01,37944166,31.22,2.75
2026-03-23,941452,2980574,51.75,288,0,38027465,31.29,2.77
2026-03-24,939913,2942997,51.09,50304,0.87,38052376,31.31,2.77
2026-03-25,937504,2900175,50.35,62008,1.08,38068403,31.32,2.77
2026-03-26,935381,2862555,49.7,62848,1.09,38103485,31.35,2.77
2026-03-27,934236,2832521,49.18,63168,1.1,38182594,31.41,2.77
2026-03-28,932014,2858843,49.63,32,0,38220771,31.44,2.78
2026-03-29,931948,2807523,48.74,0,0,38357030,31.55,2.78
2026-03-30,931908,2773007,48.14,0,0,38391542,31.58,2.77
2026-03-31,930828,2966115,51.5,54439,0.95,38435676,31.62,2.76
2026-04-01,927537,2954005,51.28,61728,1.07,38368172,31.56,2.76
2026-04-02,925046,2923146,50.75,77824,1.35,38425507,31.61,2.76
2026-04-03,922486,2902832,50.4,7232,0.13,38438835,31.62,2.76
2026-04-04,921638,2922507,50.74,8128,0.14,38506372,31.67,2.75
2026-04-05,921875,2890532,50.18,3360,0.06,38596860,31.74,2.74
2026-04-06,922224,2865191,49.74,864,0.02,38656676,31.79,2.74
2026-04-07,921853,2834271,49.21,32,0,38710335,31.84,2.73
2026-04-08,921522,2853654,49.54,992,0.02,38760980,31.88,2.73
2026-04-09,920707,2850970,49.5,0,0,38792085,31.9,2.74
2026-04-10,920658,2972753,51.61,196760,3.42,38228541,31.44,2.73
2026-04-11,921494,2936691,50.98,149517,2.6,38826819,31.93,2.73
2026-04-12,923050,2899656,50.34,97827,1.7,38848575,31.95,2.73
2026-04-13,923210,2881846,50.03,44026,0.76,38835615,31.94,2.73
2026-04-14,921641,2881934,50.03,34400,0.6,38850241,31.95,2.73
2026-04-15,921111,2862895,49.7,3104,0.05,38809485,31.91,2.73
2026-04-16,921678,2887866,50.14,0,0,38742639,31.86,2.72
2026-04-17,921046,2861080,49.67,21415,0.37,38890132,31.98,2.72
2026-04-18,921546,2818868,48.94,736,0.01,38914762,32,2.74
2026-04-19,922252,2769372,48.08,18656,0.32,38946052,32.02,2.76
2026-04-20,921908,2724929,47.31,49440,0.86,38947599,32.02,2.81
2026-04-21,920074,2681695,46.56,133744,2.32,38966537,32.04,2.85
2026-04-22,917041,2728375,47.37,169131,2.94,38898458,31.98,2.88
2026-04-23,915806,2684821,46.61,224865,3.9,38868577,31.96,2.92
2026-04-24,914261,2850596,49.49,256584,4.45,38937903,32.01,2.97
2026-04-25,914147,3060262,53.13,313446,5.44,38941411,32.01,3.01
2026-04-26,913671,3028712,52.58,299103,5.19,38884566,31.97,3.02
2026-04-27,912944,3021618,52.46,322182,5.59,38924126,32,3.01
2026-04-28,912970,3102806,53.87,434296,7.54,38853420,31.94,3.01
2026-04-29,911951,3239230,56.24,455036,7.9,38827504,31.92,3.01
2026-04-30,908622,3325668,57.74,402046,6.98,38759290,31.86,3
2026-05-01,905663,3498648,60.74,475169,8.25,38668453,31.79,2.97
2026-05-02,903189,3650542,63.38,530985,9.22,38637200,31.76,2.93
2026-05-03,900336,3614990,62.76,438758,7.62,38580792,31.71,2.92
2026-05-04,899351,3574146,62.05,399435,6.93,38604503,31.73,2.89
2026-05-05,898175,3726880,64.7,352136,6.11,38610578,31.73,2.86
2026-05-06,897938,3843492,66.73,307418,5.34,38615614,31.74,2.84
2026-05-07,898065,3812317,66.19,256443,4.45,38421911,31.58,2.82
2026-05-08,898533,3767395,65.41,202302,3.51,38601921,31.73,2.82
2026-05-09,897353,3777100,65.57,173992,3.02,38560745,31.69,2.83
2026-05-10,897753,3727610,64.72,103671,1.8,38576806,31.7,2.83
2026-05-11,897929,3678662,63.87,35199,0.61,38560085,31.69,2.83
2026-05-12,897807,3659547,63.53,0,0,38552300,31.68,2.83
2026-05-13,897381,3628387,62.99,0,0,38595665,31.72,2.84
2026-05-14,897402,3617722,62.81,107945,1.87,38616329,31.73,2.84
2026-05-15,898434,3639724,63.19,34244,0.59,38628319,31.74,2.84
2026-05-16,899145,3663206,63.6,0,0,38241124,31.42,2.82
2026-05-17,899758,3701279,64.26,0,0,38768506,31.86,2.82
2026-05-18,900588,3671738,63.75,0,0,38864538,31.93,2.81
2026-05-19,898870,3631455,63.05,4128,0.07,38858154,31.93,2.8
2026-05-20,897423,3589147,62.31,32,0,38892429,31.96,2.78
2026-05-21,897010,3558785,61.78,0,0,38972070,32.02,2.78
2026-05-22,895836,3512224,60.98,0,0,38943154,32,2.77
2026-05-23,896357,3473767,60.31,0,0,39018251,32.06,2.76
2026-05-24,897461,3439028,59.71,0,0,39055131,32.09,2.75
2026-05-25,896705,3394545,58.93,64,0,39071839,32.1,2.74
2026-05-26,898252,3353120,58.21,64,0,39147950,32.16,2.74
2026-05-27,898887,3319424,57.63,222195,3.86,39149885,32.16,2.73
2026-05-28,898647,3282469,56.99,208288,3.62,39168267,32.18,2.72
2026-05-29,897754,3291497,57.14,165053,2.87,39134553,32.15,2.73
2026-05-30,897489,3256114,56.53,148701,2.58,39151133,32.16,2.74
2026-05-31,895739,3212194,55.77,107991,1.87,39142172,32.15,2.73
2026-06-01,893981,3167938,55,57873,1,39148745,32.16,2.73
2026-06-02,893739,3118646,54.14,116503,2.02,39045854,32.07,2.73
2026-06-03,892664,3136667,54.46,71645,1.24,39149600,32.16,2.74
2026-06-04,891036,3104125,53.89,52712,0.92,39139987,32.15,2.75
2026-06-05,889775,3074749,53.38,15715,0.27,39108889,32.12,2.76
2026-06-06,889056,3075543,53.39,2912,0.05,39166073,32.17,2.78
2026-06-07,889545,3051175,52.97,32,0,39199233,32.19,2.82
2026-06-08,889693,3032411,52.65,13777,0.24,39281394,32.26,2.83
2026-06-09,888938,3034890,52.69,704,0.01,39251230,32.24,2.84
2026-06-10,888246,2993991,51.98,640,0.01,39282026,32.26,2.86
2026-06-11,888138,2956788,51.33,0,0,39369706,32.33,2.84
2026-06-12,888262,2922325,50.73,128,0,39432462,32.38,2.82
2026-06-13,888060,2889701,50.17,0,0,39475046,32.42,2.79
2026-06-14,888099,2846210,49.41,0,0,39518473,32.45,2.75
2026-06-15,887955,2884107,50.07,89843,1.56,39519994,32.45,2.74
2026-06-16,887339,2867863,49.79,135306,2.35,39521059,32.45,2.73
2026-06-17,887000,2834737,49.21,58158,1.01,39566047,32.49,2.71
2026-06-18,887534,2792131,48.47,16314,0.28,39618365,32.53,2.71
2026-06-19,888695,2755794,47.84,38100,0.66,39538057,32.46,2.71
2026-06-20,888549,2739717,47.56,383348,6.66,39704626,32.6,2.71
2026-06-21,888648,2723345,47.28,302264,5.25,39730221,32.62,2.71
2026-06-22,889005,2683788,46.59,223170,3.87,39780149,32.66,2.71
2026-06-23,888104,2702683,46.92,238800,4.15,39839467,32.71,2.7
2026-06-24,886350,2760614,47.93,153485,2.66,39767448,32.65,2.7
2026-06-25,886492,2795953,48.54,102537,1.78,39376001,32.33,2.7
2026-06-26,886364,2807117,48.73,156758,2.72,39902626,32.76,2.7
2026-06-27,886963,2977812,51.7,28264,0.49,39421640,32.36,2.71
2026-06-28,886699,2980921,51.75,288,0,39979145,32.82,2.71
2026-06-29,886598,2939936,51.04,0,0,40054585,32.88,2.71
2026-06-30,886254,2917318,50.65,17742,0.31,40068501,32.89,2.71
2026-07-01,885902,2903791,50.41,40723,0.71,40092931,32.91,2.71
2026-07-02,884503,2876962,49.95,89459,1.55,40028370,32.86,2.71
2026-07-03,882758,2850005,49.48,51660,0.9,40076095,32.9,2.71
2026-07-04,881019,2835133,49.22,12148,0.21,40107279,32.92,2.69
2026-07-05,881464,2785771,48.36,0,0,40100876,32.91,2.69
2026-07-06,882136,2744159,47.64,5760,0.1,40203875,33,2.69
2026-07-07,881514,2702873,46.92,32,0,40213590,33.01,2.68
2026-07-08,880615,2704165,46.95,2784,0.05,40159720,32.96,2.68
2026-07-09,880326,2663532,46.24,18451,0.32,40302283,33.08,2.68
2026-07-10,880056,2658938,46.16,0,0,40215071,33,2.67
2026-07-11,880056,2692830,46.75,64,0,40426855,33.18,2.66
2026-07-12,880095,2651036,46.02,0,0,40483152,33.22,2.65
2026-07-13,880535,2631945,45.69,0,0,40513311,33.25,2.65
2026-07-14,880733,2644524,45.91,0,0,40556749,33.28,2.65
2026-07-15,881100,2685208,46.62,27552,0.48,40616856,33.33,2.64
2026-07-16,880499,2649387,46,2528,0.04,40614924,33.33,2.64
2026-07-17,881335,2634127,45.73,2400,0.04,40640438,33.35,2.64
2026-07-18,881635,2590840,44.98,0,0,40705124,33.4,2.65
2026-07-19,882437,2543275,44.15,0,0,40767526,33.45,2.65
2026-07-20,884019,2489069,43.21,0,0,40825384,33.5,2.64
2026-07-21,884945,2479352,43.04,1440,0.02,40878968,33.54,2.64
